date,year,document_type,keyword,count,frequency
2000-02-02,2000,statement,inflation,1,0.0049504950495049506
2000-02-02,2000,statement,employment,0,0.0
2000-02-02,2000,statement,unemployment,0,0.0
2000-02-02,2000,statement,labor market,0,0.0
2000-02-02,2000,statement,risks,1,0.0049504950495049506
2000-02-02,2000,statement,uncertainty,0,0.0
2000-02-02,2000,statement,financial conditions,0,0.0
2000-02-02,2000,statement,growth,3,0.01485148514851485
2000-02-02,2000,statement,recession,0,0.0
2000-03-21,2000,statement,inflation,1,0.004807692307692308
2000-03-21,2000,statement,employment,0,0.0
2000-03-21,2000,statement,unemployment,0,0.0
2000-03-21,2000,statement,labor market,0,0.0
2000-03-21,2000,statement,risks,1,0.004807692307692308
2000-03-21,2000,statement,uncertainty,0,0.0
2000-03-21,2000,statement,financial conditions,0,0.0
2000-03-21,2000,statement,growth,2,0.009615384615384616
2000-03-21,2000,statement,recession,0,0.0
2000-05-16,2000,statement,inflation,1,0.0049504950495049506
2000-05-16,2000,statement,employment,0,0.0
2000-05-16,2000,statement,unemployment,0,0.0
2000-05-16,2000,statement,labor market,0,0.0
2000-05-16,2000,statement,risks,1,0.0049504950495049506
2000-05-16,2000,statement,uncertainty,0,0.0
2000-05-16,2000,statement,financial conditions,0,0.0
2000-05-16,2000,statement,growth,2,0.009900990099009901
2000-05-16,2000,statement,recession,0,0.0
2000-06-28,2000,statement,inflation,1,0.0056179775280898875
2000-06-28,2000,statement,employment,0,0.0
2000-06-28,2000,statement,unemployment,0,0.0
2000-06-28,2000,statement,labor market,0,0.0
2000-06-28,2000,statement,risks,1,0.0056179775280898875
2000-06-28,2000,statement,uncertainty,0,0.0
2000-06-28,2000,statement,financial conditions,0,0.0
2000-06-28,2000,statement,growth,3,0.016853932584269662
2000-06-28,2000,statement,recession,0,0.0
2000-08-22,2000,statement,inflation,1,0.0055248618784530384
2000-08-22,2000,statement,employment,0,0.0
2000-08-22,2000,statement,unemployment,0,0.0
2000-08-22,2000,statement,labor market,0,0.0
2000-08-22,2000,statement,risks,1,0.0055248618784530384
2000-08-22,2000,statement,uncertainty,0,0.0
2000-08-22,2000,statement,financial conditions,0,0.0
2000-08-22,2000,statement,growth,4,0.022099447513812154
2000-08-22,2000,statement,recession,0,0.0
2000-10-03,2000,statement,inflation,2,0.010471204188481676
2000-10-03,2000,statement,employment,0,0.0
2000-10-03,2000,statement,unemployment,0,0.0
2000-10-03,2000,statement,labor market,0,0.0
2000-10-03,2000,statement,risks,1,0.005235602094240838
2000-10-03,2000,statement,uncertainty,0,0.0
2000-10-03,2000,statement,financial conditions,0,0.0
2000-10-03,2000,statement,growth,3,0.015706806282722512
2000-10-03,2000,statement,recession,0,0.0
2000-11-15,2000,statement,inflation,3,0.015306122448979591
2000-11-15,2000,statement,employment,0,0.0
2000-11-15,2000,statement,unemployment,0,0.0
2000-11-15,2000,statement,labor market,0,0.0
2000-11-15,2000,statement,risks,1,0.00510204081632653
2000-11-15,2000,statement,uncertainty,0,0.0
2000-11-15,2000,statement,financial conditions,0,0.0
2000-11-15,2000,statement,growth,2,0.01020408163265306
2000-11-15,2000,statement,recession,0,0.0
2000-12-19,2000,statement,inflation,2,0.011904761904761904
2000-12-19,2000,statement,employment,0,0.0
2000-12-19,2000,statement,unemployment,0,0.0
2000-12-19,2000,statement,labor market,0,0.0
2000-12-19,2000,statement,risks,2,0.011904761904761904
2000-12-19,2000,statement,uncertainty,0,0.0
2000-12-19,2000,statement,financial conditions,0,0.0
2000-12-19,2000,statement,growth,2,0.011904761904761904
2000-12-19,2000,statement,recession,0,0.0
2001-01-31,2001,statement,inflation,1,0.0037593984962406013
2001-01-31,2001,statement,employment,0,0.0
2001-01-31,2001,statement,unemployment,0,0.0
2001-01-31,2001,statement,labor market,0,0.0
2001-01-31,2001,statement,risks,1,0.0037593984962406013
2001-01-31,2001,statement,uncertainty,0,0.0
2001-01-31,2001,statement,financial conditions,0,0.0
2001-01-31,2001,statement,growth,2,0.007518796992481203
2001-01-31,2001,statement,recession,0,0.0
2001-03-20,2001,statement,inflation,0,0.0
2001-03-20,2001,statement,employment,0,0.0
2001-03-20,2001,statement,unemployment,0,0.0
2001-03-20,2001,statement,labor market,0,0.0
2001-03-20,2001,statement,risks,2,0.00819672131147541
2001-03-20,2001,statement,uncertainty,0,0.0
2001-03-20,2001,statement,financial conditions,0,0.0
2001-03-20,2001,statement,growth,2,0.00819672131147541
2001-03-20,2001,statement,recession,0,0.0
2001-05-15,2001,statement,inflation,1,0.003745318352059925
2001-05-15,2001,statement,employment,0,0.0
2001-05-15,2001,statement,unemployment,0,0.0
2001-05-15,2001,statement,labor market,0,0.0
2001-05-15,2001,statement,risks,1,0.003745318352059925
2001-05-15,2001,statement,uncertainty,1,0.003745318352059925
2001-05-15,2001,statement,financial conditions,0,0.0
2001-05-15,2001,statement,growth,3,0.011235955056179775
2001-05-15,2001,statement,recession,0,0.0
2001-06-27,2001,statement,inflation,1,0.004651162790697674
2001-06-27,2001,statement,employment,0,0.0
2001-06-27,2001,statement,unemployment,0,0.0
2001-06-27,2001,statement,labor market,0,0.0
2001-06-27,2001,statement,risks,1,0.004651162790697674
2001-06-27,2001,statement,uncertainty,0,0.0
2001-06-27,2001,statement,financial conditions,0,0.0
2001-06-27,2001,statement,growth,3,0.013953488372093023
2001-06-27,2001,statement,recession,0,0.0
2001-08-21,2001,statement,inflation,1,0.0047169811320754715
2001-08-21,2001,statement,employment,0,0.0
2001-08-21,2001,statement,unemployment,0,0.0
2001-08-21,2001,statement,labor market,0,0.0
2001-08-21,2001,statement,risks,1,0.0047169811320754715
2001-08-21,2001,statement,uncertainty,0,0.0
2001-08-21,2001,statement,financial conditions,0,0.0
2001-08-21,2001,statement,growth,3,0.014150943396226415
2001-08-21,2001,statement,recession,0,0.0
2001-10-02,2001,statement,inflation,0,0.0
2001-10-02,2001,statement,employment,0,0.0
2001-10-02,2001,statement,unemployment,0,0.0
2001-10-02,2001,statement,labor market,0,0.0
2001-10-02,2001,statement,risks,1,0.005405405405405406
2001-10-02,2001,statement,uncertainty,1,0.005405405405405406
2001-10-02,2001,statement,financial conditions,0,0.0
2001-10-02,2001,statement,growth,2,0.010810810810810811
2001-10-02,2001,statement,recession,0,0.0
2001-11-06,2001,statement,inflation,0,0.0
2001-11-06,2001,statement,employment,0,0.0
2001-11-06,2001,statement,unemployment,0,0.0
2001-11-06,2001,statement,labor market,0,0.0
2001-11-06,2001,statement,risks,1,0.005434782608695652
2001-11-06,2001,statement,uncertainty,1,0.005434782608695652
2001-11-06,2001,statement,financial conditions,0,0.0
2001-11-06,2001,statement,growth,2,0.010869565217391304
2001-11-06,2001,statement,recession,0,0.0
2001-12-11,2001,statement,inflation,1,0.004901960784313725
2001-12-11,2001,statement,employment,0,0.0
2001-12-11,2001,statement,unemployment,0,0.0
2001-12-11,2001,statement,labor market,0,0.0
2001-12-11,2001,statement,risks,1,0.004901960784313725
2001-12-11,2001,statement,uncertainty,0,0.0
2001-12-11,2001,statement,financial conditions,0,0.0
2001-12-11,2001,statement,growth,2,0.00980392156862745
2001-12-11,2001,statement,recession,0,0.0
2002-01-30,2002,statement,inflation,0,0.0
2002-01-30,2002,statement,employment,0,0.0
2002-01-30,2002,statement,unemployment,0,0.0
2002-01-30,2002,statement,labor market,0,0.0
2002-01-30,2002,statement,risks,1,0.006896551724137931
2002-01-30,2002,statement,uncertainty,0,0.0
2002-01-30,2002,statement,financial conditions,0,0.0
2002-01-30,2002,statement,growth,2,0.013793103448275862
2002-01-30,2002,statement,recession,0,0.0
2002-03-19,2002,statement,inflation,0,0.0
2002-03-19,2002,statement,employment,0,0.0
2002-03-19,2002,statement,unemployment,0,0.0
2002-03-19,2002,statement,labor market,0,0.0
2002-03-19,2002,statement,risks,1,0.0037313432835820895
2002-03-19,2002,statement,uncertainty,0,0.0
2002-03-19,2002,statement,financial conditions,0,0.0
2002-03-19,2002,statement,growth,1,0.0037313432835820895
2002-03-19,2002,statement,recession,0,0.0
2002-05-07,2002,statement,inflation,0,0.0
2002-05-07,2002,statement,employment,0,0.0
2002-05-07,2002,statement,unemployment,0,0.0
2002-05-07,2002,statement,labor market,0,0.0
2002-05-07,2002,statement,risks,1,0.005319148936170213
2002-05-07,2002,statement,uncertainty,0,0.0
2002-05-07,2002,statement,financial conditions,0,0.0
2002-05-07,2002,statement,growth,1,0.005319148936170213
2002-05-07,2002,statement,recession,0,0.0
2002-06-26,2002,statement,inflation,0,0.0
2002-06-26,2002,statement,employment,0,0.0
2002-06-26,2002,statement,unemployment,0,0.0
2002-06-26,2002,statement,labor market,0,0.0
2002-06-26,2002,statement,risks,1,0.004739336492890996
2002-06-26,2002,statement,uncertainty,0,0.0
2002-06-26,2002,statement,financial conditions,0,0.0
2002-06-26,2002,statement,growth,3,0.014218009478672985
2002-06-26,2002,statement,recession,0,0.0
2002-08-13,2002,statement,inflation,0,0.0
2002-08-13,2002,statement,employment,0,0.0
2002-08-13,2002,statement,unemployment,0,0.0
2002-08-13,2002,statement,labor market,0,0.0
2002-08-13,2002,statement,risks,1,0.005376344086021506
2002-08-13,2002,statement,uncertainty,1,0.005376344086021506
2002-08-13,2002,statement,financial conditions,0,0.0
2002-08-13,2002,statement,growth,3,0.016129032258064516
2002-08-13,2002,statement,recession,0,0.0
2002-09-24,2002,statement,inflation,0,0.0
2002-09-24,2002,statement,employment,1,0.004464285714285714
2002-09-24,2002,statement,unemployment,0,0.0
2002-09-24,2002,statement,labor market,0,0.0
2002-09-24,2002,statement,risks,2,0.008928571428571428
2002-09-24,2002,statement,uncertainty,1,0.004464285714285714
2002-09-24,2002,statement,financial conditions,0,0.0
2002-09-24,2002,statement,growth,2,0.008928571428571428
2002-09-24,2002,statement,recession,0,0.0
2002-11-06,2002,statement,inflation,2,0.0076045627376425855
2002-11-06,2002,statement,employment,1,0.0038022813688212928
2002-11-06,2002,statement,unemployment,0,0.0
2002-11-06,2002,statement,labor market,0,0.0
2002-11-06,2002,statement,risks,2,0.0076045627376425855
2002-11-06,2002,statement,uncertainty,1,0.0038022813688212928
2002-11-06,2002,statement,financial conditions,0,0.0
2002-11-06,2002,statement,growth,2,0.0076045627376425855
2002-11-06,2002,statement,recession,0,0.0
2002-12-10,2002,statement,inflation,0,0.0
2002-12-10,2002,statement,employment,0,0.0
2002-12-10,2002,statement,unemployment,0,0.0
2002-12-10,2002,statement,labor market,0,0.0
2002-12-10,2002,statement,risks,1,0.00546448087431694
2002-12-10,2002,statement,uncertainty,0,0.0
2002-12-10,2002,statement,financial conditions,0,0.0
2002-12-10,2002,statement,growth,2,0.01092896174863388
2002-12-10,2002,statement,recession,0,0.0
2003-01-29,2003,statement,inflation,0,0.0
2003-01-29,2003,statement,employment,0,0.0
2003-01-29,2003,statement,unemployment,0,0.0
2003-01-29,2003,statement,labor market,0,0.0
2003-01-29,2003,statement,risks,3,0.016483516483516484
2003-01-29,2003,statement,uncertainty,0,0.0
2003-01-29,2003,statement,financial conditions,0,0.0
2003-01-29,2003,statement,growth,2,0.01098901098901099
2003-01-29,2003,statement,recession,0,0.0
2003-03-18,2003,statement,inflation,0,0.0
2003-03-18,2003,statement,employment,0,0.0
2003-03-18,2003,statement,unemployment,0,0.0
2003-03-18,2003,statement,labor market,1,0.0041841004184100415
2003-03-18,2003,statement,risks,1,0.0041841004184100415
2003-03-18,2003,statement,uncertainty,0,0.0
2003-03-18,2003,statement,financial conditions,0,0.0
2003-03-18,2003,statement,growth,2,0.008368200836820083
2003-03-18,2003,statement,recession,0,0.0
2003-05-06,2003,statement,inflation,2,0.008771929824561403
2003-05-06,2003,statement,employment,1,0.0043859649122807015
2003-05-06,2003,statement,unemployment,0,0.0
2003-05-06,2003,statement,labor market,0,0.0
2003-05-06,2003,statement,risks,2,0.008771929824561403
2003-05-06,2003,statement,uncertainty,0,0.0
2003-05-06,2003,statement,financial conditions,0,0.0
2003-05-06,2003,statement,growth,2,0.008771929824561403
2003-05-06,2003,statement,recession,0,0.0
2003-06-25,2003,statement,inflation,2,0.006493506493506494
2003-06-25,2003,statement,employment,0,0.0
2003-06-25,2003,statement,unemployment,0,0.0
2003-06-25,2003,statement,labor market,0,0.0
2003-06-25,2003,statement,risks,1,0.003246753246753247
2003-06-25,2003,statement,uncertainty,0,0.0
2003-06-25,2003,statement,financial conditions,1,0.003246753246753247
2003-06-25,2003,statement,growth,3,0.00974025974025974
2003-06-25,2003,statement,recession,0,0.0
2003-08-12,2003,statement,inflation,3,0.013333333333333334
2003-08-12,2003,statement,employment,0,0.0
2003-08-12,2003,statement,unemployment,0,0.0
2003-08-12,2003,statement,labor market,1,0.0044444444444444444
2003-08-12,2003,statement,risks,1,0.0044444444444444444
2003-08-12,2003,statement,uncertainty,0,0.0
2003-08-12,2003,statement,financial conditions,0,0.0
2003-08-12,2003,statement,growth,2,0.008888888888888889
2003-08-12,2003,statement,recession,0,0.0
2003-09-16,2003,statement,inflation,3,0.013513513513513514
2003-09-16,2003,statement,employment,0,0.0
2003-09-16,2003,statement,unemployment,0,0.0
2003-09-16,2003,statement,labor market,1,0.0045045045045045045
2003-09-16,2003,statement,risks,1,0.0045045045045045045
2003-09-16,2003,statement,uncertainty,0,0.0
2003-09-16,2003,statement,financial conditions,0,0.0
2003-09-16,2003,statement,growth,2,0.009009009009009009
2003-09-16,2003,statement,recession,0,0.0
2003-10-28,2003,statement,inflation,3,0.013452914798206279
2003-10-28,2003,statement,employment,0,0.0
2003-10-28,2003,statement,unemployment,0,0.0
2003-10-28,2003,statement,labor market,1,0.004484304932735426
2003-10-28,2003,statement,risks,1,0.004484304932735426
2003-10-28,2003,statement,uncertainty,0,0.0
2003-10-28,2003,statement,financial conditions,0,0.0
2003-10-28,2003,statement,growth,2,0.008968609865470852
2003-10-28,2003,statement,recession,0,0.0
2003-12-09,2003,statement,inflation,3,0.014084507042253521
2003-12-09,2003,statement,employment,0,0.0
2003-12-09,2003,statement,unemployment,0,0.0
2003-12-09,2003,statement,labor market,1,0.004694835680751174
2003-12-09,2003,statement,risks,1,0.004694835680751174
2003-12-09,2003,statement,uncertainty,0,0.0
2003-12-09,2003,statement,financial conditions,0,0.0
2003-12-09,2003,statement,growth,2,0.009389671361502348
2003-12-09,2003,statement,recession,0,0.0
2004-01-28,2004,statement,inflation,3,0.013953488372093023
2004-01-28,2004,statement,employment,0,0.0
2004-01-28,2004,statement,unemployment,0,0.0
2004-01-28,2004,statement,labor market,1,0.004651162790697674
2004-01-28,2004,statement,risks,1,0.004651162790697674
2004-01-28,2004,statement,uncertainty,0,0.0
2004-01-28,2004,statement,financial conditions,0,0.0
2004-01-28,2004,statement,growth,2,0.009302325581395349
2004-01-28,2004,statement,recession,0,0.0
2004-03-16,2004,statement,inflation,3,0.014018691588785047
2004-03-16,2004,statement,employment,0,0.0
2004-03-16,2004,statement,unemployment,0,0.0
2004-03-16,2004,statement,labor market,0,0.0
2004-03-16,2004,statement,risks,1,0.004672897196261682
2004-03-16,2004,statement,uncertainty,0,0.0
2004-03-16,2004,statement,financial conditions,0,0.0
2004-03-16,2004,statement,growth,2,0.009345794392523364
2004-03-16,2004,statement,recession,0,0.0
2004-05-04,2004,statement,inflation,3,0.014084507042253521
2004-05-04,2004,statement,employment,0,0.0
2004-05-04,2004,statement,unemployment,0,0.0
2004-05-04,2004,statement,labor market,0,0.0
2004-05-04,2004,statement,risks,2,0.009389671361502348
2004-05-04,2004,statement,uncertainty,0,0.0
2004-05-04,2004,statement,financial conditions,0,0.0
2004-05-04,2004,statement,growth,2,0.009389671361502348
2004-05-04,2004,statement,recession,0,0.0
2004-06-30,2004,statement,inflation,2,0.006896551724137931
2004-06-30,2004,statement,employment,0,0.0
2004-06-30,2004,statement,unemployment,0,0.0
2004-06-30,2004,statement,labor market,1,0.0034482758620689655
2004-06-30,2004,statement,risks,1,0.0034482758620689655
2004-06-30,2004,statement,uncertainty,0,0.0
2004-06-30,2004,statement,financial conditions,0,0.0
2004-06-30,2004,statement,growth,2,0.006896551724137931
2004-06-30,2004,statement,recession,0,0.0
2004-08-10,2004,statement,inflation,2,0.006493506493506494
2004-08-10,2004,statement,employment,0,0.0
2004-08-10,2004,statement,unemployment,0,0.0
2004-08-10,2004,statement,labor market,1,0.003246753246753247
2004-08-10,2004,statement,risks,1,0.003246753246753247
2004-08-10,2004,statement,uncertainty,0,0.0
2004-08-10,2004,statement,financial conditions,0,0.0
2004-08-10,2004,statement,growth,3,0.00974025974025974
2004-08-10,2004,statement,recession,0,0.0
2004-09-21,2004,statement,inflation,3,0.010380622837370242
2004-09-21,2004,statement,employment,0,0.0
2004-09-21,2004,statement,unemployment,0,0.0
2004-09-21,2004,statement,labor market,1,0.0034602076124567475
2004-09-21,2004,statement,risks,1,0.0034602076124567475
2004-09-21,2004,statement,uncertainty,0,0.0
2004-09-21,2004,statement,financial conditions,0,0.0
2004-09-21,2004,statement,growth,3,0.010380622837370242
2004-09-21,2004,statement,recession,0,0.0
2004-11-10,2004,statement,inflation,3,0.01107011070110701
2004-11-10,2004,statement,employment,0,0.0
2004-11-10,2004,statement,unemployment,0,0.0
2004-11-10,2004,statement,labor market,1,0.0036900369003690036
2004-11-10,2004,statement,risks,1,0.0036900369003690036
2004-11-10,2004,statement,uncertainty,0,0.0
2004-11-10,2004,statement,financial conditions,0,0.0
2004-11-10,2004,statement,growth,2,0.007380073800738007
2004-11-10,2004,statement,recession,0,0.0
2004-12-14,2004,statement,inflation,3,0.009174311926605505
2004-12-14,2004,statement,employment,0,0.0
2004-12-14,2004,statement,unemployment,0,0.0
2004-12-14,2004,statement,labor market,1,0.0030581039755351682
2004-12-14,2004,statement,risks,1,0.0030581039755351682
2004-12-14,2004,statement,uncertainty,0,0.0
2004-12-14,2004,statement,financial conditions,0,0.0
2004-12-14,2004,statement,growth,2,0.0061162079510703364
2004-12-14,2004,statement,recession,0,0.0
2005-02-02,2005,statement,inflation,3,0.010830324909747292
2005-02-02,2005,statement,employment,0,0.0
2005-02-02,2005,statement,unemployment,0,0.0
2005-02-02,2005,statement,labor market,1,0.0036101083032490976
2005-02-02,2005,statement,risks,1,0.0036101083032490976
2005-02-02,2005,statement,uncertainty,0,0.0
2005-02-02,2005,statement,financial conditions,0,0.0
2005-02-02,2005,statement,growth,2,0.007220216606498195
2005-02-02,2005,statement,recession,0,0.0
2005-03-22,2005,statement,inflation,3,0.009868421052631578
2005-03-22,2005,statement,employment,0,0.0
2005-03-22,2005,statement,unemployment,0,0.0
2005-03-22,2005,statement,labor market,1,0.003289473684210526
2005-03-22,2005,statement,risks,1,0.003289473684210526
2005-03-22,2005,statement,uncertainty,0,0.0
2005-03-22,2005,statement,financial conditions,0,0.0
2005-03-22,2005,statement,growth,2,0.006578947368421052
2005-03-22,2005,statement,recession,0,0.0
2005-05-03,2005,statement,inflation,3,0.010067114093959731
2005-05-03,2005,statement,employment,0,0.0
2005-05-03,2005,statement,unemployment,0,0.0
2005-05-03,2005,statement,labor market,1,0.003355704697986577
2005-05-03,2005,statement,risks,1,0.003355704697986577
2005-05-03,2005,statement,uncertainty,0,0.0
2005-05-03,2005,statement,financial conditions,0,0.0
2005-05-03,2005,statement,growth,3,0.010067114093959731
2005-05-03,2005,statement,recession,0,0.0
2005-06-30,2005,statement,inflation,3,0.010869565217391304
2005-06-30,2005,statement,employment,0,0.0
2005-06-30,2005,statement,unemployment,0,0.0
2005-06-30,2005,statement,labor market,1,0.0036231884057971015
2005-06-30,2005,statement,risks,1,0.0036231884057971015
2005-06-30,2005,statement,uncertainty,0,0.0
2005-06-30,2005,statement,financial conditions,0,0.0
2005-06-30,2005,statement,growth,2,0.007246376811594203
2005-06-30,2005,statement,recession,0,0.0
2005-08-09,2005,statement,inflation,4,0.013986013986013986
2005-08-09,2005,statement,employment,0,0.0
2005-08-09,2005,statement,unemployment,0,0.0
2005-08-09,2005,statement,labor market,1,0.0034965034965034965
2005-08-09,2005,statement,risks,1,0.0034965034965034965
2005-08-09,2005,statement,uncertainty,0,0.0
2005-08-09,2005,statement,financial conditions,0,0.0
2005-08-09,2005,statement,growth,2,0.006993006993006993
2005-08-09,2005,statement,recession,0,0.0
2005-09-20,2005,statement,inflation,4,0.010899182561307902
2005-09-20,2005,statement,employment,1,0.0027247956403269754
2005-09-20,2005,statement,unemployment,0,0.0
2005-09-20,2005,statement,labor market,0,0.0
2005-09-20,2005,statement,risks,1,0.0027247956403269754
2005-09-20,2005,statement,uncertainty,1,0.0027247956403269754
2005-09-20,2005,statement,financial conditions,0,0.0
2005-09-20,2005,statement,growth,2,0.005449591280653951
2005-09-20,2005,statement,recession,0,0.0
2005-11-01,2005,statement,inflation,4,0.013745704467353952
2005-11-01,2005,statement,employment,1,0.003436426116838488
2005-11-01,2005,statement,unemployment,0,0.0
2005-11-01,2005,statement,labor market,0,0.0
2005-11-01,2005,statement,risks,1,0.003436426116838488
2005-11-01,2005,statement,uncertainty,0,0.0
2005-11-01,2005,statement,financial conditions,0,0.0
2005-11-01,2005,statement,growth,2,0.006872852233676976
2005-11-01,2005,statement,recession,0,0.0
2005-12-13,2005,statement,inflation,3,0.012605042016806723
2005-12-13,2005,statement,employment,0,0.0
2005-12-13,2005,statement,unemployment,0,0.0
2005-12-13,2005,statement,labor market,0,0.0
2005-12-13,2005,statement,risks,1,0.004201680672268907
2005-12-13,2005,statement,uncertainty,0,0.0
2005-12-13,2005,statement,financial conditions,0,0.0
2005-12-13,2005,statement,growth,1,0.004201680672268907
2005-12-13,2005,statement,recession,0,0.0
2006-01-31,2006,statement,inflation,3,0.0079155672823219
2006-01-31,2006,statement,employment,0,0.0
2006-01-31,2006,statement,unemployment,0,0.0
2006-01-31,2006,statement,labor market,0,0.0
2006-01-31,2006,statement,risks,1,0.002638522427440633
2006-01-31,2006,statement,uncertainty,0,0.0
2006-01-31,2006,statement,financial conditions,0,0.0
2006-01-31,2006,statement,growth,1,0.002638522427440633
2006-01-31,2006,statement,recession,0,0.0
2006-03-28,2006,statement,inflation,3,0.006818181818181818
2006-03-28,2006,statement,employment,0,0.0
2006-03-28,2006,statement,unemployment,0,0.0
2006-03-28,2006,statement,labor market,0,0.0
2006-03-28,2006,statement,risks,1,0.0022727272727272726
2006-03-28,2006,statement,uncertainty,0,0.0
2006-03-28,2006,statement,financial conditions,0,0.0
2006-03-28,2006,statement,growth,4,0.00909090909090909
2006-03-28,2006,statement,recession,0,0.0
2006-05-10,2006,statement,inflation,4,0.00819672131147541
2006-05-10,2006,statement,employment,0,0.0
2006-05-10,2006,statement,unemployment,0,0.0
2006-05-10,2006,statement,labor market,0,0.0
2006-05-10,2006,statement,risks,1,0.0020491803278688526
2006-05-10,2006,statement,uncertainty,0,0.0
2006-05-10,2006,statement,financial conditions,0,0.0
2006-05-10,2006,statement,growth,3,0.006147540983606557
2006-05-10,2006,statement,recession,0,0.0
2006-06-29,2006,statement,inflation,6,0.013422818791946308
2006-06-29,2006,statement,employment,0,0.0
2006-06-29,2006,statement,unemployment,0,0.0
2006-06-29,2006,statement,labor market,0,0.0
2006-06-29,2006,statement,risks,2,0.0044742729306487695
2006-06-29,2006,statement,uncertainty,0,0.0
2006-06-29,2006,statement,financial conditions,0,0.0
2006-06-29,2006,statement,growth,3,0.006711409395973154
2006-06-29,2006,statement,recession,0,0.0
2006-08-08,2006,statement,inflation,6,0.015873015873015872
2006-08-08,2006,statement,employment,0,0.0
2006-08-08,2006,statement,unemployment,0,0.0
2006-08-08,2006,statement,labor market,0,0.0
2006-08-08,2006,statement,risks,2,0.005291005291005291
2006-08-08,2006,statement,uncertainty,0,0.0
2006-08-08,2006,statement,financial conditions,0,0.0
2006-08-08,2006,statement,growth,2,0.005291005291005291
2006-08-08,2006,statement,recession,0,0.0
2006-09-20,2006,statement,inflation,6,0.01634877384196185
2006-09-20,2006,statement,employment,0,0.0
2006-09-20,2006,statement,unemployment,0,0.0
2006-09-20,2006,statement,labor market,0,0.0
2006-09-20,2006,statement,risks,2,0.005449591280653951
2006-09-20,2006,statement,uncertainty,0,0.0
2006-09-20,2006,statement,financial conditions,0,0.0
2006-09-20,2006,statement,growth,2,0.005449591280653951
2006-09-20,2006,statement,recession,0,0.0
2006-10-25,2006,statement,inflation,6,0.016172506738544475
2006-10-25,2006,statement,employment,0,0.0
2006-10-25,2006,statement,unemployment,0,0.0
2006-10-25,2006,statement,labor market,0,0.0
2006-10-25,2006,statement,risks,2,0.005390835579514825
2006-10-25,2006,statement,uncertainty,0,0.0
2006-10-25,2006,statement,financial conditions,0,0.0
2006-10-25,2006,statement,growth,2,0.005390835579514825
2006-10-25,2006,statement,recession,0,0.0
2006-12-12,2006,statement,inflation,6,0.015748031496062992
2006-12-12,2006,statement,employment,0,0.0
2006-12-12,2006,statement,unemployment,0,0.0
2006-12-12,2006,statement,labor market,0,0.0
2006-12-12,2006,statement,risks,2,0.005249343832020997
2006-12-12,2006,statement,uncertainty,0,0.0
2006-12-12,2006,statement,financial conditions,0,0.0
2006-12-12,2006,statement,growth,2,0.005249343832020997
2006-12-12,2006,statement,recession,0,0.0
2007-01-31,2007,statement,inflation,5,0.01488095238095238
2007-01-31,2007,statement,employment,0,0.0
2007-01-31,2007,statement,unemployment,0,0.0
2007-01-31,2007,statement,labor market,0,0.0
2007-01-31,2007,statement,risks,2,0.005952380952380952
2007-01-31,2007,statement,uncertainty,0,0.0
2007-01-31,2007,statement,financial conditions,0,0.0
2007-01-31,2007,statement,growth,2,0.005952380952380952
2007-01-31,2007,statement,recession,0,0.0
2007-03-21,2007,statement,inflation,4,0.012307692307692308
2007-03-21,2007,statement,employment,0,0.0
2007-03-21,2007,statement,unemployment,0,0.0
2007-03-21,2007,statement,labor market,0,0.0
2007-03-21,2007,statement,risks,0,0.0
2007-03-21,2007,statement,uncertainty,0,0.0
2007-03-21,2007,statement,financial conditions,0,0.0
2007-03-21,2007,statement,growth,1,0.003076923076923077
2007-03-21,2007,statement,recession,0,0.0
2007-05-09,2007,statement,inflation,4,0.012345679012345678
2007-05-09,2007,statement,employment,0,0.0
2007-05-09,2007,statement,unemployment,0,0.0
2007-05-09,2007,statement,labor market,0,0.0
2007-05-09,2007,statement,risks,0,0.0
2007-05-09,2007,statement,uncertainty,0,0.0
2007-05-09,2007,statement,financial conditions,0,0.0
2007-05-09,2007,statement,growth,2,0.006172839506172839
2007-05-09,2007,statement,recession,0,0.0
2007-06-28,2007,statement,inflation,4,0.011834319526627219
2007-06-28,2007,statement,employment,0,0.0
2007-06-28,2007,statement,unemployment,0,0.0
2007-06-28,2007,statement,labor market,0,0.0
2007-06-28,2007,statement,risks,0,0.0
2007-06-28,2007,statement,uncertainty,0,0.0
2007-06-28,2007,statement,financial conditions,0,0.0
2007-06-28,2007,statement,growth,2,0.005917159763313609
2007-06-28,2007,statement,recession,0,0.0
2007-08-07,2007,statement,inflation,4,0.010899182561307902
2007-08-07,2007,statement,employment,1,0.0027247956403269754
2007-08-07,2007,statement,unemployment,0,0.0
2007-08-07,2007,statement,labor market,0,0.0
2007-08-07,2007,statement,risks,1,0.0027247956403269754
2007-08-07,2007,statement,uncertainty,0,0.0
2007-08-07,2007,statement,financial conditions,0,0.0
2007-08-07,2007,statement,growth,4,0.010899182561307902
2007-08-07,2007,statement,recession,0,0.0
2007-09-18,2007,statement,inflation,3,0.007211538461538462
2007-09-18,2007,statement,employment,0,0.0
2007-09-18,2007,statement,unemployment,0,0.0
2007-09-18,2007,statement,labor market,0,0.0
2007-09-18,2007,statement,risks,1,0.002403846153846154
2007-09-18,2007,statement,uncertainty,1,0.002403846153846154
2007-09-18,2007,statement,financial conditions,0,0.0
2007-09-18,2007,statement,growth,4,0.009615384615384616
2007-09-18,2007,statement,recession,0,0.0
2007-10-31,2007,statement,inflation,5,0.01079913606911447
2007-10-31,2007,statement,employment,0,0.0
2007-10-31,2007,statement,unemployment,0,0.0
2007-10-31,2007,statement,labor market,0,0.0
2007-10-31,2007,statement,risks,3,0.0064794816414686825
2007-10-31,2007,statement,uncertainty,0,0.0
2007-10-31,2007,statement,financial conditions,0,0.0
2007-10-31,2007,statement,growth,4,0.008639308855291577
2007-10-31,2007,statement,recession,0,0.0
2007-12-11,2007,statement,inflation,5,0.011389521640091117
2007-12-11,2007,statement,employment,0,0.0
2007-12-11,2007,statement,unemployment,0,0.0
2007-12-11,2007,statement,labor market,0,0.0
2007-12-11,2007,statement,risks,1,0.002277904328018223
2007-12-11,2007,statement,uncertainty,1,0.002277904328018223
2007-12-11,2007,statement,financial conditions,0,0.0
2007-12-11,2007,statement,growth,4,0.009111617312072893
2007-12-11,2007,statement,recession,0,0.0
2008-01-30,2008,statement,inflation,2,0.0048543689320388345
2008-01-30,2008,statement,employment,0,0.0
2008-01-30,2008,statement,unemployment,0,0.0
2008-01-30,2008,statement,labor market,0,0.0
2008-01-30,2008,statement,risks,3,0.007281553398058253
2008-01-30,2008,statement,uncertainty,0,0.0
2008-01-30,2008,statement,financial conditions,0,0.0
2008-01-30,2008,statement,growth,2,0.0048543689320388345
2008-01-30,2008,statement,recession,0,0.0
2008-03-18,2008,statement,inflation,5,0.011086474501108648
2008-03-18,2008,statement,employment,0,0.0
2008-03-18,2008,statement,unemployment,0,0.0
2008-03-18,2008,statement,labor market,0,0.0
2008-03-18,2008,statement,risks,2,0.004434589800443459
2008-03-18,2008,statement,uncertainty,1,0.0022172949002217295
2008-03-18,2008,statement,financial conditions,0,0.0
2008-03-18,2008,statement,growth,5,0.011086474501108648
2008-03-18,2008,statement,recession,0,0.0
2008-04-30,2008,statement,inflation,5,0.010706638115631691
2008-04-30,2008,statement,employment,0,0.0
2008-04-30,2008,statement,unemployment,0,0.0
2008-04-30,2008,statement,labor market,0,0.0
2008-04-30,2008,statement,risks,1,0.0021413276231263384
2008-04-30,2008,statement,uncertainty,1,0.0021413276231263384
2008-04-30,2008,statement,financial conditions,0,0.0
2008-04-30,2008,statement,growth,3,0.006423982869379015
2008-04-30,2008,statement,recession,0,0.0
2008-06-25,2008,statement,inflation,5,0.012165450121654502
2008-06-25,2008,statement,employment,0,0.0
2008-06-25,2008,statement,unemployment,0,0.0
2008-06-25,2008,statement,labor market,0,0.0
2008-06-25,2008,statement,risks,2,0.004866180048661801
2008-06-25,2008,statement,uncertainty,1,0.0024330900243309003
2008-06-25,2008,statement,financial conditions,0,0.0
2008-06-25,2008,statement,growth,4,0.009732360097323601
2008-06-25,2008,statement,recession,0,0.0
2008-08-05,2008,statement,inflation,5,0.012315270935960592
2008-08-05,2008,statement,employment,0,0.0
2008-08-05,2008,statement,unemployment,0,0.0
2008-08-05,2008,statement,labor market,0,0.0
2008-08-05,2008,statement,risks,2,0.0049261083743842365
2008-08-05,2008,statement,uncertainty,0,0.0
2008-08-05,2008,statement,financial conditions,0,0.0
2008-08-05,2008,statement,growth,5,0.012315270935960592
2008-08-05,2008,statement,recession,0,0.0
2008-09-16,2008,statement,inflation,4,0.010416666666666666
2008-09-16,2008,statement,employment,0,0.0
2008-09-16,2008,statement,unemployment,0,0.0
2008-09-16,2008,statement,labor market,0,0.0
2008-09-16,2008,statement,risks,2,0.005208333333333333
2008-09-16,2008,statement,uncertainty,0,0.0
2008-09-16,2008,statement,financial conditions,0,0.0
2008-09-16,2008,statement,growth,6,0.015625
2008-09-16,2008,statement,recession,0,0.0
2008-10-29,2008,statement,inflation,1,0.0022271714922048997
2008-10-29,2008,statement,employment,0,0.0
2008-10-29,2008,statement,unemployment,0,0.0
2008-10-29,2008,statement,labor market,0,0.0
2008-10-29,2008,statement,risks,1,0.0022271714922048997
2008-10-29,2008,statement,uncertainty,0,0.0
2008-10-29,2008,statement,financial conditions,0,0.0
2008-10-29,2008,statement,growth,3,0.0066815144766146995
2008-10-29,2008,statement,recession,0,0.0
2008-12-16,2008,statement,inflation,1,0.0017730496453900709
2008-12-16,2008,statement,employment,0,0.0
2008-12-16,2008,statement,unemployment,0,0.0
2008-12-16,2008,statement,labor market,1,0.0017730496453900709
2008-12-16,2008,statement,risks,0,0.0
2008-12-16,2008,statement,uncertainty,0,0.0
2008-12-16,2008,statement,financial conditions,0,0.0
2008-12-16,2008,statement,growth,1,0.0017730496453900709
2008-12-16,2008,statement,recession,0,0.0
2009-01-28,2009,statement,inflation,2,0.003125
2009-01-28,2009,statement,employment,1,0.0015625
2009-01-28,2009,statement,unemployment,0,0.0
2009-01-28,2009,statement,labor market,0,0.0
2009-01-28,2009,statement,risks,1,0.0015625
2009-01-28,2009,statement,uncertainty,0,0.0
2009-01-28,2009,statement,financial conditions,0,0.0
2009-01-28,2009,statement,growth,2,0.003125
2009-01-28,2009,statement,recession,0,0.0
2009-03-18,2009,statement,inflation,2,0.0034423407917383822
2009-03-18,2009,statement,employment,0,0.0
2009-03-18,2009,statement,unemployment,0,0.0
2009-03-18,2009,statement,labor market,0,0.0
2009-03-18,2009,statement,risks,0,0.0
2009-03-18,2009,statement,uncertainty,0,0.0
2009-03-18,2009,statement,financial conditions,0,0.0
2009-03-18,2009,statement,growth,2,0.0034423407917383822
2009-03-18,2009,statement,recession,1,0.0017211703958691911
2009-04-29,2009,statement,inflation,2,0.003418803418803419
2009-04-29,2009,statement,employment,0,0.0
2009-04-29,2009,statement,unemployment,0,0.0
2009-04-29,2009,statement,labor market,0,0.0
2009-04-29,2009,statement,risks,0,0.0
2009-04-29,2009,statement,uncertainty,0,0.0
2009-04-29,2009,statement,financial conditions,0,0.0
2009-04-29,2009,statement,growth,2,0.003418803418803419
2009-04-29,2009,statement,recession,0,0.0
2009-06-24,2009,statement,inflation,1,0.0018587360594795538
2009-06-24,2009,statement,employment,0,0.0
2009-06-24,2009,statement,unemployment,0,0.0
2009-06-24,2009,statement,labor market,0,0.0
2009-06-24,2009,statement,risks,0,0.0
2009-06-24,2009,statement,uncertainty,0,0.0
2009-06-24,2009,statement,financial conditions,0,0.0
2009-06-24,2009,statement,growth,1,0.0018587360594795538
2009-06-24,2009,statement,recession,0,0.0
2009-08-12,2009,statement,inflation,1,0.0017241379310344827
2009-08-12,2009,statement,employment,0,0.0
2009-08-12,2009,statement,unemployment,0,0.0
2009-08-12,2009,statement,labor market,0,0.0
2009-08-12,2009,statement,risks,0,0.0
2009-08-12,2009,statement,uncertainty,0,0.0
2009-08-12,2009,statement,financial conditions,0,0.0
2009-08-12,2009,statement,growth,2,0.0034482758620689655
2009-08-12,2009,statement,recession,0,0.0
2009-09-23,2009,statement,inflation,2,0.003424657534246575
2009-09-23,2009,statement,employment,0,0.0
2009-09-23,2009,statement,unemployment,0,0.0
2009-09-23,2009,statement,labor market,0,0.0
2009-09-23,2009,statement,risks,0,0.0
2009-09-23,2009,statement,uncertainty,0,0.0
2009-09-23,2009,statement,financial conditions,0,0.0
2009-09-23,2009,statement,growth,2,0.003424657534246575
2009-09-23,2009,statement,recession,0,0.0
2009-11-04,2009,statement,inflation,4,0.00641025641025641
2009-11-04,2009,statement,employment,0,0.0
2009-11-04,2009,statement,unemployment,0,0.0
2009-11-04,2009,statement,labor market,0,0.0
2009-11-04,2009,statement,risks,0,0.0
2009-11-04,2009,statement,uncertainty,0,0.0
2009-11-04,2009,statement,financial conditions,0,0.0
2009-11-04,2009,statement,growth,2,0.003205128205128205
2009-11-04,2009,statement,recession,0,0.0
2009-12-16,2009,statement,inflation,4,0.005532503457814661
2009-12-16,2009,statement,employment,0,0.0
2009-12-16,2009,statement,unemployment,0,0.0
2009-12-16,2009,statement,labor market,2,0.0027662517289073307
2009-12-16,2009,statement,risks,0,0.0
2009-12-16,2009,statement,uncertainty,0,0.0
2009-12-16,2009,statement,financial conditions,0,0.0
2009-12-16,2009,statement,growth,4,0.005532503457814661
2009-12-16,2009,statement,recession,0,0.0
2010-01-27,2010,statement,inflation,4,0.005673758865248227
2010-01-27,2010,statement,employment,0,0.0
2010-01-27,2010,statement,unemployment,0,0.0
2010-01-27,2010,statement,labor market,2,0.0028368794326241137
2010-01-27,2010,statement,risks,0,0.0
2010-01-27,2010,statement,uncertainty,0,0.0
2010-01-27,2010,statement,financial conditions,1,0.0014184397163120568
2010-01-27,2010,statement,growth,3,0.00425531914893617
2010-01-27,2010,statement,recession,0,0.0
2010-03-16,2010,statement,inflation,4,0.006600660066006601
2010-03-16,2010,statement,employment,0,0.0
2010-03-16,2010,statement,unemployment,1,0.0016501650165016502
2010-03-16,2010,statement,labor market,1,0.0016501650165016502
2010-03-16,2010,statement,risks,1,0.0016501650165016502
2010-03-16,2010,statement,uncertainty,0,0.0
2010-03-16,2010,statement,financial conditions,0,0.0
2010-03-16,2010,statement,growth,2,0.0033003300330033004
2010-03-16,2010,statement,recession,0,0.0
2010-04-28,2010,statement,inflation,4,0.0070052539404553416
2010-04-28,2010,statement,employment,0,0.0
2010-04-28,2010,statement,unemployment,1,0.0017513134851138354
2010-04-28,2010,statement,labor market,1,0.0017513134851138354
2010-04-28,2010,statement,risks,1,0.0017513134851138354
2010-04-28,2010,statement,uncertainty,0,0.0
2010-04-28,2010,statement,financial conditions,0,0.0
2010-04-28,2010,statement,growth,3,0.005253940455341506
2010-04-28,2010,statement,recession,0,0.0
2010-06-23,2010,statement,inflation,5,0.009596928982725527
2010-06-23,2010,statement,employment,0,0.0
2010-06-23,2010,statement,unemployment,1,0.0019193857965451055
2010-06-23,2010,statement,labor market,1,0.0019193857965451055
2010-06-23,2010,statement,risks,1,0.0019193857965451055
2010-06-23,2010,statement,uncertainty,0,0.0
2010-06-23,2010,statement,financial conditions,1,0.0019193857965451055
2010-06-23,2010,statement,growth,2,0.003838771593090211
2010-06-23,2010,statement,recession,0,0.0
2010-08-10,2010,statement,inflation,5,0.008064516129032258
2010-08-10,2010,statement,employment,1,0.0016129032258064516
2010-08-10,2010,statement,unemployment,1,0.0016129032258064516
2010-08-10,2010,statement,labor market,0,0.0
2010-08-10,2010,statement,risks,0,0.0
2010-08-10,2010,statement,uncertainty,0,0.0
2010-08-10,2010,statement,financial conditions,1,0.0016129032258064516
2010-08-10,2010,statement,growth,1,0.0016129032258064516
2010-08-10,2010,statement,recession,0,0.0
2010-09-21,2010,statement,inflation,6,0.01020408163265306
2010-09-21,2010,statement,employment,2,0.003401360544217687
2010-09-21,2010,statement,unemployment,1,0.0017006802721088435
2010-09-21,2010,statement,labor market,0,0.0
2010-09-21,2010,statement,risks,0,0.0
2010-09-21,2010,statement,uncertainty,0,0.0
2010-09-21,2010,statement,financial conditions,1,0.0017006802721088435
2010-09-21,2010,statement,growth,2,0.003401360544217687
2010-09-21,2010,statement,recession,0,0.0
2010-11-03,2010,statement,inflation,8,0.01225114854517611
2010-11-03,2010,statement,employment,3,0.004594180704441042
2010-11-03,2010,statement,unemployment,2,0.0030627871362940277
2010-11-03,2010,statement,labor market,0,0.0
2010-11-03,2010,statement,risks,2,0.0030627871362940277
2010-11-03,2010,statement,uncertainty,0,0.0
2010-11-03,2010,statement,financial conditions,0,0.0
2010-11-03,2010,statement,growth,1,0.0015313935681470138
2010-11-03,2010,statement,recession,0,0.0
2010-12-14,2010,statement,inflation,8,0.012269938650306749
2010-12-14,2010,statement,employment,2,0.003067484662576687
2010-12-14,2010,statement,unemployment,3,0.004601226993865031
2010-12-14,2010,statement,labor market,0,0.0
2010-12-14,2010,statement,risks,1,0.0015337423312883436
2010-12-14,2010,statement,uncertainty,0,0.0
2010-12-14,2010,statement,financial conditions,0,0.0
2010-12-14,2010,statement,growth,1,0.0015337423312883436
2010-12-14,2010,statement,recession,0,0.0
2011-01-26,2011,statement,inflation,7,0.011725293132328308
2011-01-26,2011,statement,employment,2,0.0033500837520938024
2011-01-26,2011,statement,unemployment,2,0.0033500837520938024
2011-01-26,2011,statement,labor market,1,0.0016750418760469012
2011-01-26,2011,statement,risks,0,0.0
2011-01-26,2011,statement,uncertainty,0,0.0
2011-01-26,2011,statement,financial conditions,0,0.0
2011-01-26,2011,statement,growth,2,0.0033500837520938024
2011-01-26,2011,statement,recession,0,0.0
2011-03-15,2011,statement,inflation,10,0.016025641025641024
2011-03-15,2011,statement,employment,2,0.003205128205128205
2011-03-15,2011,statement,unemployment,1,0.0016025641025641025
2011-03-15,2011,statement,labor market,1,0.0016025641025641025
2011-03-15,2011,statement,risks,0,0.0
2011-03-15,2011,statement,uncertainty,0,0.0
2011-03-15,2011,statement,financial conditions,0,0.0
2011-03-15,2011,statement,growth,0,0.0
2011-03-15,2011,statement,recession,0,0.0
2011-04-27,2011,statement,inflation,11,0.017628205128205128
2011-04-27,2011,statement,employment,2,0.003205128205128205
2011-04-27,2011,statement,unemployment,1,0.0016025641025641025
2011-04-27,2011,statement,labor market,1,0.0016025641025641025
2011-04-27,2011,statement,risks,0,0.0
2011-04-27,2011,statement,uncertainty,0,0.0
2011-04-27,2011,statement,financial conditions,0,0.0
2011-04-27,2011,statement,growth,0,0.0
2011-04-27,2011,statement,recession,0,0.0
2011-06-22,2011,statement,inflation,8,0.012944983818770227
2011-06-22,2011,statement,employment,2,0.003236245954692557
2011-06-22,2011,statement,unemployment,2,0.003236245954692557
2011-06-22,2011,statement,labor market,1,0.0016181229773462784
2011-06-22,2011,statement,risks,0,0.0
2011-06-22,2011,statement,uncertainty,0,0.0
2011-06-22,2011,statement,financial conditions,0,0.0
2011-06-22,2011,statement,growth,0,0.0
2011-06-22,2011,statement,recession,0,0.0
2011-08-09,2011,statement,inflation,8,0.011661807580174927
2011-08-09,2011,statement,employment,1,0.0014577259475218659
2011-08-09,2011,statement,unemployment,2,0.0029154518950437317
2011-08-09,2011,statement,labor market,1,0.0014577259475218659
2011-08-09,2011,statement,risks,1,0.0014577259475218659
2011-08-09,2011,statement,uncertainty,0,0.0
2011-08-09,2011,statement,financial conditions,0,0.0
2011-08-09,2011,statement,growth,1,0.0014577259475218659
2011-08-09,2011,statement,recession,0,0.0
2011-09-21,2011,statement,inflation,7,0.009247027741083224
2011-09-21,2011,statement,employment,1,0.001321003963011889
2011-09-21,2011,statement,unemployment,2,0.002642007926023778
2011-09-21,2011,statement,labor market,1,0.001321003963011889
2011-09-21,2011,statement,risks,1,0.001321003963011889
2011-09-21,2011,statement,uncertainty,0,0.0
2011-09-21,2011,statement,financial conditions,1,0.001321003963011889
2011-09-21,2011,statement,growth,1,0.001321003963011889
2011-09-21,2011,statement,recession,0,0.0
2011-11-02,2011,statement,inflation,7,0.010687022900763359
2011-11-02,2011,statement,employment,1,0.0015267175572519084
2011-11-02,2011,statement,unemployment,2,0.0030534351145038168
2011-11-02,2011,statement,labor market,1,0.0015267175572519084
2011-11-02,2011,statement,risks,1,0.0015267175572519084
2011-11-02,2011,statement,uncertainty,0,0.0
2011-11-02,2011,statement,financial conditions,0,0.0
2011-11-02,2011,statement,growth,3,0.004580152671755725
2011-11-02,2011,statement,recession,0,0.0
2011-12-13,2011,statement,inflation,7,0.011686143572621035
2011-12-13,2011,statement,employment,1,0.001669449081803005
2011-12-13,2011,statement,unemployment,2,0.00333889816360601
2011-12-13,2011,statement,labor market,1,0.001669449081803005
2011-12-13,2011,statement,risks,1,0.001669449081803005
2011-12-13,2011,statement,uncertainty,0,0.0
2011-12-13,2011,statement,financial conditions,0,0.0
2011-12-13,2011,statement,growth,2,0.00333889816360601
2011-12-13,2011,statement,recession,0,0.0
2012-01-25,2012,statement,inflation,5,0.008517887563884156
2012-01-25,2012,statement,employment,1,0.0017035775127768314
2012-01-25,2012,statement,unemployment,2,0.0034071550255536627
2012-01-25,2012,statement,labor market,1,0.0017035775127768314
2012-01-25,2012,statement,risks,1,0.0017035775127768314
2012-01-25,2012,statement,uncertainty,0,0.0
2012-01-25,2012,statement,financial conditions,0,0.0
2012-01-25,2012,statement,growth,3,0.005110732538330494
2012-01-25,2012,statement,recession,0,0.0
2012-03-13,2012,statement,inflation,6,0.010050251256281407
2012-03-13,2012,statement,employment,1,0.0016750418760469012
2012-03-13,2012,statement,unemployment,2,0.0033500837520938024
2012-03-13,2012,statement,labor market,1,0.0016750418760469012
2012-03-13,2012,statement,risks,1,0.0016750418760469012
2012-03-13,2012,statement,uncertainty,0,0.0
2012-03-13,2012,statement,financial conditions,0,0.0
2012-03-13,2012,statement,growth,1,0.0016750418760469012
2012-03-13,2012,statement,recession,0,0.0
2012-04-25,2012,statement,inflation,6,0.009900990099009901
2012-04-25,2012,statement,employment,1,0.0016501650165016502
2012-04-25,2012,statement,unemployment,2,0.0033003300330033004
2012-04-25,2012,statement,labor market,1,0.0016501650165016502
2012-04-25,2012,statement,risks,1,0.0016501650165016502
2012-04-25,2012,statement,uncertainty,0,0.0
2012-04-25,2012,statement,financial conditions,0,0.0
2012-04-25,2012,statement,growth,1,0.0016501650165016502
2012-04-25,2012,statement,recession,0,0.0
2012-06-20,2012,statement,inflation,5,0.007473841554559043
2012-06-20,2012,statement,employment,2,0.0029895366218236174
2012-06-20,2012,statement,unemployment,2,0.0029895366218236174
2012-06-20,2012,statement,labor market,1,0.0014947683109118087
2012-06-20,2012,statement,risks,1,0.0014947683109118087
2012-06-20,2012,statement,uncertainty,0,0.0
2012-06-20,2012,statement,financial conditions,1,0.0014947683109118087
2012-06-20,2012,statement,growth,2,0.0029895366218236174
2012-06-20,2012,statement,recession,0,0.0
2012-08-01,2012,statement,inflation,5,0.007987220447284345
2012-08-01,2012,statement,employment,2,0.003194888178913738
2012-08-01,2012,statement,unemployment,2,0.003194888178913738
2012-08-01,2012,statement,labor market,1,0.001597444089456869
2012-08-01,2012,statement,risks,1,0.001597444089456869
2012-08-01,2012,statement,uncertainty,0,0.0
2012-08-01,2012,statement,financial conditions,0,0.0
2012-08-01,2012,statement,growth,2,0.003194888178913738
2012-08-01,2012,statement,recession,0,0.0
2012-09-13,2012,statement,inflation,4,0.005471956224350205
2012-09-13,2012,statement,employment,3,0.004103967168262654
2012-09-13,2012,statement,unemployment,1,0.0013679890560875513
2012-09-13,2012,statement,labor market,2,0.0027359781121751026
2012-09-13,2012,statement,risks,1,0.0013679890560875513
2012-09-13,2012,statement,uncertainty,0,0.0
2012-09-13,2012,statement,financial conditions,1,0.0013679890560875513
2012-09-13,2012,statement,growth,3,0.004103967168262654
2012-09-13,2012,statement,recession,0,0.0
2012-10-24,2012,statement,inflation,4,0.005578800557880056
2012-10-24,2012,statement,employment,3,0.0041841004184100415
2012-10-24,2012,statement,unemployment,1,0.001394700139470014
2012-10-24,2012,statement,labor market,2,0.002789400278940028
2012-10-24,2012,statement,risks,1,0.001394700139470014
2012-10-24,2012,statement,uncertainty,0,0.0
2012-10-24,2012,statement,financial conditions,1,0.001394700139470014
2012-10-24,2012,statement,growth,3,0.0041841004184100415
2012-10-24,2012,statement,recession,0,0.0
2012-12-12,2012,statement,inflation,9,0.010477299185098952
2012-12-12,2012,statement,employment,4,0.004656577415599534
2012-12-12,2012,statement,unemployment,2,0.002328288707799767
2012-12-12,2012,statement,labor market,3,0.0034924330616996507
2012-12-12,2012,statement,risks,1,0.0011641443538998836
2012-12-12,2012,statement,uncertainty,0,0.0
2012-12-12,2012,statement,financial conditions,1,0.0011641443538998836
2012-12-12,2012,statement,growth,2,0.002328288707799767
2012-12-12,2012,statement,recession,0,0.0
2013-01-30,2013,statement,inflation,10,0.012239902080783354
2013-01-30,2013,statement,employment,4,0.004895960832313341
2013-01-30,2013,statement,unemployment,3,0.0036719706242350062
2013-01-30,2013,statement,labor market,2,0.0024479804161566705
2013-01-30,2013,statement,risks,2,0.0024479804161566705
2013-01-30,2013,statement,uncertainty,0,0.0
2013-01-30,2013,statement,financial conditions,1,0.0012239902080783353
2013-01-30,2013,statement,growth,2,0.0024479804161566705
2013-01-30,2013,statement,recession,0,0.0
2013-03-20,2013,statement,inflation,10,0.012285012285012284
2013-03-20,2013,statement,employment,3,0.0036855036855036856
2013-03-20,2013,statement,unemployment,3,0.0036855036855036856
2013-03-20,2013,statement,labor market,3,0.0036855036855036856
2013-03-20,2013,statement,risks,2,0.002457002457002457
2013-03-20,2013,statement,uncertainty,0,0.0
2013-03-20,2013,statement,financial conditions,1,0.0012285012285012285
2013-03-20,2013,statement,growth,2,0.002457002457002457
2013-03-20,2013,statement,recession,0,0.0
2013-05-01,2013,statement,inflation,11,0.013095238095238096
2013-05-01,2013,statement,employment,3,0.0035714285714285713
2013-05-01,2013,statement,unemployment,3,0.0035714285714285713
2013-05-01,2013,statement,labor market,4,0.004761904761904762
2013-05-01,2013,statement,risks,2,0.002380952380952381
2013-05-01,2013,statement,uncertainty,0,0.0
2013-05-01,2013,statement,financial conditions,1,0.0011904761904761906
2013-05-01,2013,statement,growth,2,0.002380952380952381
2013-05-01,2013,statement,recession,0,0.0
2013-06-19,2013,statement,inflation,13,0.014976958525345621
2013-06-19,2013,statement,employment,3,0.0034562211981566822
2013-06-19,2013,statement,unemployment,3,0.0034562211981566822
2013-06-19,2013,statement,labor market,5,0.00576036866359447
2013-06-19,2013,statement,risks,2,0.002304147465437788
2013-06-19,2013,statement,uncertainty,0,0.0
2013-06-19,2013,statement,financial conditions,1,0.001152073732718894
2013-06-19,2013,statement,growth,2,0.002304147465437788
2013-06-19,2013,statement,recession,0,0.0
2013-07-31,2013,statement,inflation,12,0.013777267508610792
2013-07-31,2013,statement,employment,3,0.003444316877152698
2013-07-31,2013,statement,unemployment,3,0.003444316877152698
2013-07-31,2013,statement,labor market,5,0.0057405281285878304
2013-07-31,2013,statement,risks,3,0.003444316877152698
2013-07-31,2013,statement,uncertainty,0,0.0
2013-07-31,2013,statement,financial conditions,1,0.001148105625717566
2013-07-31,2013,statement,growth,2,0.002296211251435132
2013-07-31,2013,statement,recession,0,0.0
2013-09-18,2013,statement,inflation,12,0.012371134020618556
2013-09-18,2013,statement,employment,3,0.003092783505154639
2013-09-18,2013,statement,unemployment,3,0.003092783505154639
2013-09-18,2013,statement,labor market,7,0.007216494845360825
2013-09-18,2013,statement,risks,3,0.003092783505154639
2013-09-18,2013,statement,uncertainty,0,0.0
2013-09-18,2013,statement,financial conditions,2,0.002061855670103093
2013-09-18,2013,statement,growth,2,0.002061855670103093
2013-09-18,2013,statement,recession,0,0.0
2013-10-30,2013,statement,inflation,12,0.012658227848101266
2013-10-30,2013,statement,employment,3,0.0031645569620253164
2013-10-30,2013,statement,unemployment,3,0.0031645569620253164
2013-10-30,2013,statement,labor market,6,0.006329113924050633
2013-10-30,2013,statement,risks,3,0.0031645569620253164
2013-10-30,2013,statement,uncertainty,0,0.0
2013-10-30,2013,statement,financial conditions,1,0.0010548523206751054
2013-10-30,2013,statement,growth,2,0.002109704641350211
2013-10-30,2013,statement,recession,0,0.0
2013-12-18,2013,statement,inflation,15,0.01431297709923664
2013-12-18,2013,statement,employment,4,0.003816793893129771
2013-12-18,2013,statement,unemployment,5,0.004770992366412214
2013-12-18,2013,statement,labor market,8,0.007633587786259542
2013-12-18,2013,statement,risks,2,0.0019083969465648854
2013-12-18,2013,statement,uncertainty,0,0.0
2013-12-18,2013,statement,financial conditions,1,0.0009541984732824427
2013-12-18,2013,statement,growth,3,0.0028625954198473282
2013-12-18,2013,statement,recession,0,0.0
2014-01-29,2014,statement,inflation,14,0.013847675568743818
2014-01-29,2014,statement,employment,4,0.003956478733926805
2014-01-29,2014,statement,unemployment,4,0.003956478733926805
2014-01-29,2014,statement,labor market,8,0.00791295746785361
2014-01-29,2014,statement,risks,2,0.0019782393669634025
2014-01-29,2014,statement,uncertainty,0,0.0
2014-01-29,2014,statement,financial conditions,1,0.0009891196834817012
2014-01-29,2014,statement,growth,2,0.0019782393669634025
2014-01-29,2014,statement,recession,0,0.0
2014-03-19,2014,statement,inflation,16,0.015122873345935728
2014-03-19,2014,statement,employment,6,0.005671077504725898
2014-03-19,2014,statement,unemployment,2,0.001890359168241966
2014-03-19,2014,statement,labor market,9,0.008506616257088847
2014-03-19,2014,statement,risks,2,0.001890359168241966
2014-03-19,2014,statement,uncertainty,1,0.000945179584120983
2014-03-19,2014,statement,financial conditions,1,0.000945179584120983
2014-03-19,2014,statement,growth,2,0.001890359168241966
2014-03-19,2014,statement,recession,0,0.0
2014-04-30,2014,statement,inflation,15,0.015090543259557344
2014-04-30,2014,statement,employment,6,0.006036217303822937
2014-04-30,2014,statement,unemployment,1,0.001006036217303823
2014-04-30,2014,statement,labor market,9,0.009054325955734407
2014-04-30,2014,statement,risks,2,0.002012072434607646
2014-04-30,2014,statement,uncertainty,0,0.0
2014-04-30,2014,statement,financial conditions,1,0.001006036217303823
2014-04-30,2014,statement,growth,2,0.002012072434607646
2014-04-30,2014,statement,recession,0,0.0
2014-06-18,2014,statement,inflation,15,0.01529051987767584
2014-06-18,2014,statement,employment,6,0.0061162079510703364
2014-06-18,2014,statement,unemployment,1,0.0010193679918450561
2014-06-18,2014,statement,labor market,9,0.009174311926605505
2014-06-18,2014,statement,risks,2,0.0020387359836901123
2014-06-18,2014,statement,uncertainty,0,0.0
2014-06-18,2014,statement,financial conditions,1,0.0010193679918450561
2014-06-18,2014,statement,growth,2,0.0020387359836901123
2014-06-18,2014,statement,recession,0,0.0
2014-07-30,2014,statement,inflation,14,0.01352657004830918
2014-07-30,2014,statement,employment,6,0.005797101449275362
2014-07-30,2014,statement,unemployment,1,0.000966183574879227
2014-07-30,2014,statement,labor market,10,0.00966183574879227
2014-07-30,2014,statement,risks,1,0.000966183574879227
2014-07-30,2014,statement,uncertainty,0,0.0
2014-07-30,2014,statement,financial conditions,1,0.000966183574879227
2014-07-30,2014,statement,growth,2,0.001932367149758454
2014-07-30,2014,statement,recession,0,0.0
2014-09-17,2014,statement,inflation,14,0.012987012987012988
2014-09-17,2014,statement,employment,6,0.0055658627087198514
2014-09-17,2014,statement,unemployment,1,0.0009276437847866419
2014-09-17,2014,statement,labor market,10,0.00927643784786642
2014-09-17,2014,statement,risks,1,0.0009276437847866419
2014-09-17,2014,statement,uncertainty,0,0.0
2014-09-17,2014,statement,financial conditions,1,0.0009276437847866419
2014-09-17,2014,statement,growth,1,0.0009276437847866419
2014-09-17,2014,statement,recession,0,0.0
2014-10-29,2014,statement,inflation,17,0.018826135105204873
2014-10-29,2014,statement,employment,7,0.007751937984496124
2014-10-29,2014,statement,unemployment,1,0.0011074197120708748
2014-10-29,2014,statement,labor market,6,0.006644518272425249
2014-10-29,2014,statement,risks,1,0.0011074197120708748
2014-10-29,2014,statement,uncertainty,0,0.0
2014-10-29,2014,statement,financial conditions,1,0.0011074197120708748
2014-10-29,2014,statement,growth,0,0.0
2014-10-29,2014,statement,recession,0,0.0
2014-12-17,2014,statement,inflation,16,0.017660044150110375
2014-12-17,2014,statement,employment,6,0.006622516556291391
2014-12-17,2014,statement,unemployment,1,0.0011037527593818985
2014-12-17,2014,statement,labor market,6,0.006622516556291391
2014-12-17,2014,statement,risks,1,0.0011037527593818985
2014-12-17,2014,statement,uncertainty,0,0.0
2014-12-17,2014,statement,financial conditions,1,0.0011037527593818985
2014-12-17,2014,statement,growth,0,0.0
2014-12-17,2014,statement,recession,0,0.0
2015-01-28,2015,statement,inflation,12,0.016216216216216217
2015-01-28,2015,statement,employment,6,0.008108108108108109
2015-01-28,2015,statement,unemployment,1,0.0013513513513513514
2015-01-28,2015,statement,labor market,6,0.008108108108108109
2015-01-28,2015,statement,risks,1,0.0013513513513513514
2015-01-28,2015,statement,uncertainty,0,0.0
2015-01-28,2015,statement,financial conditions,1,0.0013513513513513514
2015-01-28,2015,statement,growth,0,0.0
2015-01-28,2015,statement,recession,0,0.0
2015-03-18,2015,statement,inflation,12,0.015915119363395226
2015-03-18,2015,statement,employment,5,0.006631299734748011
2015-03-18,2015,statement,unemployment,1,0.001326259946949602
2015-03-18,2015,statement,labor market,7,0.009283819628647215
2015-03-18,2015,statement,risks,1,0.001326259946949602
2015-03-18,2015,statement,uncertainty,0,0.0
2015-03-18,2015,statement,financial conditions,1,0.001326259946949602
2015-03-18,2015,statement,growth,2,0.002652519893899204
2015-03-18,2015,statement,recession,0,0.0
2015-04-29,2015,statement,inflation,12,0.016415868673050615
2015-04-29,2015,statement,employment,6,0.008207934336525308
2015-04-29,2015,statement,unemployment,1,0.0013679890560875513
2015-04-29,2015,statement,labor market,6,0.008207934336525308
2015-04-29,2015,statement,risks,1,0.0013679890560875513
2015-04-29,2015,statement,uncertainty,0,0.0
2015-04-29,2015,statement,financial conditions,1,0.0013679890560875513
2015-04-29,2015,statement,growth,3,0.004103967168262654
2015-04-29,2015,statement,recession,0,0.0
2015-06-17,2015,statement,inflation,12,0.01675977653631285
2015-06-17,2015,statement,employment,5,0.006983240223463687
2015-06-17,2015,statement,unemployment,1,0.0013966480446927375
2015-06-17,2015,statement,labor market,6,0.008379888268156424
2015-06-17,2015,statement,risks,1,0.0013966480446927375
2015-06-17,2015,statement,uncertainty,0,0.0
2015-06-17,2015,statement,financial conditions,1,0.0013966480446927375
2015-06-17,2015,statement,growth,1,0.0013966480446927375
2015-06-17,2015,statement,recession,0,0.0
2015-07-29,2015,statement,inflation,12,0.016901408450704224
2015-07-29,2015,statement,employment,5,0.007042253521126761
2015-07-29,2015,statement,unemployment,1,0.0014084507042253522
2015-07-29,2015,statement,labor market,7,0.009859154929577466
2015-07-29,2015,statement,risks,1,0.0014084507042253522
2015-07-29,2015,statement,uncertainty,0,0.0
2015-07-29,2015,statement,financial conditions,1,0.0014084507042253522
2015-07-29,2015,statement,growth,1,0.0014084507042253522
2015-07-29,2015,statement,recession,0,0.0
2015-09-17,2015,statement,inflation,13,0.017150395778364115
2015-09-17,2015,statement,employment,5,0.006596306068601583
2015-09-17,2015,statement,unemployment,1,0.0013192612137203166
2015-09-17,2015,statement,labor market,7,0.009234828496042216
2015-09-17,2015,statement,risks,1,0.0013192612137203166
2015-09-17,2015,statement,uncertainty,0,0.0
2015-09-17,2015,statement,financial conditions,1,0.0013192612137203166
2015-09-17,2015,statement,growth,0,0.0
2015-09-17,2015,statement,recession,0,0.0
2015-10-28,2015,statement,inflation,12,0.01602136181575434
2015-10-28,2015,statement,employment,5,0.006675567423230975
2015-10-28,2015,statement,unemployment,1,0.0013351134846461949
2015-10-28,2015,statement,labor market,6,0.00801068090787717
2015-10-28,2015,statement,risks,1,0.0013351134846461949
2015-10-28,2015,statement,uncertainty,0,0.0
2015-10-28,2015,statement,financial conditions,1,0.0013351134846461949
2015-10-28,2015,statement,growth,0,0.0
2015-10-28,2015,statement,recession,0,0.0
2015-12-16,2015,statement,inflation,12,0.015727391874180863
2015-12-16,2015,statement,employment,2,0.002621231979030144
2015-12-16,2015,statement,unemployment,1,0.001310615989515072
2015-12-16,2015,statement,labor market,7,0.009174311926605505
2015-12-16,2015,statement,risks,1,0.001310615989515072
2015-12-16,2015,statement,uncertainty,0,0.0
2015-12-16,2015,statement,financial conditions,1,0.001310615989515072
2015-12-16,2015,statement,growth,0,0.0
2015-12-16,2015,statement,recession,0,0.0
2016-01-27,2016,statement,inflation,11,0.015006821282401092
2016-01-27,2016,statement,employment,2,0.002728512960436562
2016-01-27,2016,statement,unemployment,0,0.0
2016-01-27,2016,statement,labor market,7,0.009549795361527967
2016-01-27,2016,statement,risks,1,0.001364256480218281
2016-01-27,2016,statement,uncertainty,0,0.0
2016-01-27,2016,statement,financial conditions,1,0.001364256480218281
2016-01-27,2016,statement,growth,1,0.001364256480218281
2016-01-27,2016,statement,recession,0,0.0
2016-03-16,2016,statement,inflation,11,0.01478494623655914
2016-03-16,2016,statement,employment,2,0.002688172043010753
2016-03-16,2016,statement,unemployment,0,0.0
2016-03-16,2016,statement,labor market,5,0.006720430107526882
2016-03-16,2016,statement,risks,1,0.0013440860215053765
2016-03-16,2016,statement,uncertainty,0,0.0
2016-03-16,2016,statement,financial conditions,1,0.0013440860215053765
2016-03-16,2016,statement,growth,0,0.0
2016-03-16,2016,statement,recession,0,0.0
2016-04-27,2016,statement,inflation,11,0.014686248331108143
2016-04-27,2016,statement,employment,2,0.0026702269692923898
2016-04-27,2016,statement,unemployment,0,0.0
2016-04-27,2016,statement,labor market,6,0.00801068090787717
2016-04-27,2016,statement,risks,0,0.0
2016-04-27,2016,statement,uncertainty,0,0.0
2016-04-27,2016,statement,financial conditions,1,0.0013351134846461949
2016-04-27,2016,statement,growth,2,0.0026702269692923898
2016-04-27,2016,statement,recession,0,0.0
2016-06-15,2016,statement,inflation,11,0.015384615384615385
2016-06-15,2016,statement,employment,2,0.002797202797202797
2016-06-15,2016,statement,unemployment,1,0.0013986013986013986
2016-06-15,2016,statement,labor market,5,0.006993006993006993
2016-06-15,2016,statement,risks,0,0.0
2016-06-15,2016,statement,uncertainty,0,0.0
2016-06-15,2016,statement,financial conditions,1,0.0013986013986013986
2016-06-15,2016,statement,growth,2,0.002797202797202797
2016-06-15,2016,statement,recession,0,0.0
2016-07-27,2016,statement,inflation,11,0.014884979702300407
2016-07-27,2016,statement,employment,2,0.0027063599458728013
2016-07-27,2016,statement,unemployment,0,0.0
2016-07-27,2016,statement,labor market,6,0.008119079837618403
2016-07-27,2016,statement,risks,1,0.0013531799729364006
2016-07-27,2016,statement,uncertainty,0,0.0
2016-07-27,2016,statement,financial conditions,1,0.0013531799729364006
2016-07-27,2016,statement,growth,1,0.0013531799729364006
2016-07-27,2016,statement,recession,0,0.0
2016-09-21,2016,statement,inflation,11,0.014157014157014158
2016-09-21,2016,statement,employment,2,0.002574002574002574
2016-09-21,2016,statement,unemployment,1,0.001287001287001287
2016-09-21,2016,statement,labor market,5,0.006435006435006435
2016-09-21,2016,statement,risks,1,0.001287001287001287
2016-09-21,2016,statement,uncertainty,0,0.0
2016-09-21,2016,statement,financial conditions,1,0.001287001287001287
2016-09-21,2016,statement,growth,1,0.001287001287001287
2016-09-21,2016,statement,recession,0,0.0
2016-11-02,2016,statement,inflation,11,0.014267185473411154
2016-11-02,2016,statement,employment,2,0.0025940337224383916
2016-11-02,2016,statement,unemployment,1,0.0012970168612191958
2016-11-02,2016,statement,labor market,5,0.00648508430609598
2016-11-02,2016,statement,risks,1,0.0012970168612191958
2016-11-02,2016,statement,uncertainty,0,0.0
2016-11-02,2016,statement,financial conditions,1,0.0012970168612191958
2016-11-02,2016,statement,growth,1,0.0012970168612191958
2016-11-02,2016,statement,recession,0,0.0
2016-12-14,2016,statement,inflation,12,0.016853932584269662
2016-12-14,2016,statement,employment,2,0.0028089887640449437
2016-12-14,2016,statement,unemployment,1,0.0014044943820224719
2016-12-14,2016,statement,labor market,6,0.008426966292134831
2016-12-14,2016,statement,risks,1,0.0014044943820224719
2016-12-14,2016,statement,uncertainty,0,0.0
2016-12-14,2016,statement,financial conditions,1,0.0014044943820224719
2016-12-14,2016,statement,growth,0,0.0
2016-12-14,2016,statement,recession,0,0.0
2017-02-01,2017,statement,inflation,12,0.017777777777777778
2017-02-01,2017,statement,employment,2,0.002962962962962963
2017-02-01,2017,statement,unemployment,1,0.0014814814814814814
2017-02-01,2017,statement,labor market,5,0.007407407407407408
2017-02-01,2017,statement,risks,1,0.0014814814814814814
2017-02-01,2017,statement,uncertainty,0,0.0
2017-02-01,2017,statement,financial conditions,1,0.0014814814814814814
2017-02-01,2017,statement,growth,0,0.0
2017-02-01,2017,statement,recession,0,0.0
2017-03-15,2017,statement,inflation,13,0.018651362984218076
2017-03-15,2017,statement,employment,2,0.0028694404591104736
2017-03-15,2017,statement,unemployment,1,0.0014347202295552368
2017-03-15,2017,statement,labor market,5,0.007173601147776184
2017-03-15,2017,statement,risks,1,0.0014347202295552368
2017-03-15,2017,statement,uncertainty,0,0.0
2017-03-15,2017,statement,financial conditions,1,0.0014347202295552368
2017-03-15,2017,statement,growth,0,0.0
2017-03-15,2017,statement,recession,0,0.0
2017-05-03,2017,statement,inflation,13,0.01875901875901876
2017-05-03,2017,statement,employment,2,0.002886002886002886
2017-05-03,2017,statement,unemployment,1,0.001443001443001443
2017-05-03,2017,statement,labor market,5,0.007215007215007215
2017-05-03,2017,statement,risks,1,0.001443001443001443
2017-05-03,2017,statement,uncertainty,0,0.0
2017-05-03,2017,statement,financial conditions,1,0.001443001443001443
2017-05-03,2017,statement,growth,3,0.004329004329004329
2017-05-03,2017,statement,recession,0,0.0
2017-06-14,2017,statement,inflation,12,0.016551724137931035
2017-06-14,2017,statement,employment,2,0.002758620689655172
2017-06-14,2017,statement,unemployment,1,0.001379310344827586
2017-06-14,2017,statement,labor market,5,0.006896551724137931
2017-06-14,2017,statement,risks,1,0.001379310344827586
2017-06-14,2017,statement,uncertainty,0,0.0
2017-06-14,2017,statement,financial conditions,0,0.0
2017-06-14,2017,statement,growth,0,0.0
2017-06-14,2017,statement,recession,0,0.0
2017-07-26,2017,statement,inflation,12,0.017673048600883652
2017-07-26,2017,statement,employment,2,0.0029455081001472753
2017-07-26,2017,statement,unemployment,1,0.0014727540500736377
2017-07-26,2017,statement,labor market,5,0.007363770250368188
2017-07-26,2017,statement,risks,1,0.0014727540500736377
2017-07-26,2017,statement,uncertainty,0,0.0
2017-07-26,2017,statement,financial conditions,0,0.0
2017-07-26,2017,statement,growth,0,0.0
2017-07-26,2017,statement,recession,0,0.0
2017-09-20,2017,statement,inflation,13,0.018413597733711047
2017-09-20,2017,statement,employment,2,0.0028328611898017
2017-09-20,2017,statement,unemployment,1,0.00141643059490085
2017-09-20,2017,statement,labor market,5,0.007082152974504249
2017-09-20,2017,statement,risks,1,0.00141643059490085
2017-09-20,2017,statement,uncertainty,0,0.0
2017-09-20,2017,statement,financial conditions,0,0.0
2017-09-20,2017,statement,growth,1,0.00141643059490085
2017-09-20,2017,statement,recession,0,0.0
2017-11-01,2017,statement,inflation,15,0.021897810218978103
2017-11-01,2017,statement,employment,4,0.00583941605839416
2017-11-01,2017,statement,unemployment,1,0.00145985401459854
2017-11-01,2017,statement,labor market,5,0.0072992700729927005
2017-11-01,2017,statement,risks,1,0.00145985401459854
2017-11-01,2017,statement,uncertainty,0,0.0
2017-11-01,2017,statement,financial conditions,0,0.0
2017-11-01,2017,statement,growth,1,0.00145985401459854
2017-11-01,2017,statement,recession,0,0.0
2017-12-13,2017,statement,inflation,14,0.021244309559939303
2017-12-13,2017,statement,employment,3,0.004552352048558422
2017-12-13,2017,statement,unemployment,1,0.0015174506828528073
2017-12-13,2017,statement,labor market,5,0.007587253414264037
2017-12-13,2017,statement,risks,1,0.0015174506828528073
2017-12-13,2017,statement,uncertainty,0,0.0
2017-12-13,2017,statement,financial conditions,0,0.0
2017-12-13,2017,statement,growth,1,0.0015174506828528073
2017-12-13,2017,statement,recession,0,0.0
2018-01-31,2018,statement,inflation,13,0.021922428330522766
2018-01-31,2018,statement,employment,3,0.00505902192242833
2018-01-31,2018,statement,unemployment,1,0.0016863406408094434
2018-01-31,2018,statement,labor market,5,0.008431703204047217
2018-01-31,2018,statement,risks,1,0.0016863406408094434
2018-01-31,2018,statement,uncertainty,0,0.0
2018-01-31,2018,statement,financial conditions,0,0.0
2018-01-31,2018,statement,growth,0,0.0
2018-01-31,2018,statement,recession,0,0.0
2018-03-21,2018,statement,inflation,13,0.020967741935483872
2018-03-21,2018,statement,employment,2,0.0032258064516129032
2018-03-21,2018,statement,unemployment,1,0.0016129032258064516
2018-03-21,2018,statement,labor market,5,0.008064516129032258
2018-03-21,2018,statement,risks,1,0.0016129032258064516
2018-03-21,2018,statement,uncertainty,0,0.0
2018-03-21,2018,statement,financial conditions,0,0.0
2018-03-21,2018,statement,growth,1,0.0016129032258064516
2018-03-21,2018,statement,recession,0,0.0
2018-05-02,2018,statement,inflation,12,0.02023608768971332
2018-05-02,2018,statement,employment,2,0.003372681281618887
2018-05-02,2018,statement,unemployment,1,0.0016863406408094434
2018-05-02,2018,statement,labor market,5,0.008431703204047217
2018-05-02,2018,statement,risks,1,0.0016863406408094434
2018-05-02,2018,statement,uncertainty,0,0.0
2018-05-02,2018,statement,financial conditions,0,0.0
2018-05-02,2018,statement,growth,1,0.0016863406408094434
2018-05-02,2018,statement,recession,0,0.0
2018-06-13,2018,statement,inflation,9,0.018367346938775512
2018-06-13,2018,statement,employment,2,0.004081632653061225
2018-06-13,2018,statement,unemployment,1,0.0020408163265306124
2018-06-13,2018,statement,labor market,5,0.01020408163265306
2018-06-13,2018,statement,risks,1,0.0020408163265306124
2018-06-13,2018,statement,uncertainty,0,0.0
2018-06-13,2018,statement,financial conditions,0,0.0
2018-06-13,2018,statement,growth,1,0.0020408163265306124
2018-06-13,2018,statement,recession,0,0.0
2018-08-01,2018,statement,inflation,9,0.01882845188284519
2018-08-01,2018,statement,employment,2,0.0041841004184100415
2018-08-01,2018,statement,unemployment,1,0.0020920502092050207
2018-08-01,2018,statement,labor market,5,0.010460251046025104
2018-08-01,2018,statement,risks,1,0.0020920502092050207
2018-08-01,2018,statement,uncertainty,0,0.0
2018-08-01,2018,statement,financial conditions,0,0.0
2018-08-01,2018,statement,growth,0,0.0
2018-08-01,2018,statement,recession,0,0.0
2018-09-26,2018,statement,inflation,8,0.01735357917570499
2018-09-26,2018,statement,employment,2,0.004338394793926247
2018-09-26,2018,statement,unemployment,1,0.0021691973969631237
2018-09-26,2018,statement,labor market,4,0.008676789587852495
2018-09-26,2018,statement,risks,1,0.0021691973969631237
2018-09-26,2018,statement,uncertainty,0,0.0
2018-09-26,2018,statement,financial conditions,0,0.0
2018-09-26,2018,statement,growth,0,0.0
2018-09-26,2018,statement,recession,0,0.0
2018-11-08,2018,statement,inflation,8,0.016877637130801686
2018-11-08,2018,statement,employment,2,0.004219409282700422
2018-11-08,2018,statement,unemployment,1,0.002109704641350211
2018-11-08,2018,statement,labor market,4,0.008438818565400843
2018-11-08,2018,statement,risks,1,0.002109704641350211
2018-11-08,2018,statement,uncertainty,0,0.0
2018-11-08,2018,statement,financial conditions,0,0.0
2018-11-08,2018,statement,growth,1,0.002109704641350211
2018-11-08,2018,statement,recession,0,0.0
2018-12-19,2018,statement,inflation,8,0.015968063872255488
2018-12-19,2018,statement,employment,2,0.003992015968063872
2018-12-19,2018,statement,unemployment,1,0.001996007984031936
2018-12-19,2018,statement,labor market,4,0.007984031936127744
2018-12-19,2018,statement,risks,1,0.001996007984031936
2018-12-19,2018,statement,uncertainty,0,0.0
2018-12-19,2018,statement,financial conditions,0,0.0
2018-12-19,2018,statement,growth,1,0.001996007984031936
2018-12-19,2018,statement,recession,0,0.0
2019-01-30,2019,statement,inflation,9,0.018
2019-01-30,2019,statement,employment,2,0.004
2019-01-30,2019,statement,unemployment,1,0.002
2019-01-30,2019,statement,labor market,3,0.006
2019-01-30,2019,statement,risks,0,0.0
2019-01-30,2019,statement,uncertainty,0,0.0
2019-01-30,2019,statement,financial conditions,0,0.0
2019-01-30,2019,statement,growth,1,0.002
2019-01-30,2019,statement,recession,0,0.0
2019-03-20,2019,statement,inflation,9,0.01744186046511628
2019-03-20,2019,statement,employment,3,0.005813953488372093
2019-03-20,2019,statement,unemployment,1,0.001937984496124031
2019-03-20,2019,statement,labor market,3,0.005813953488372093
2019-03-20,2019,statement,risks,0,0.0
2019-03-20,2019,statement,uncertainty,0,0.0
2019-03-20,2019,statement,financial conditions,0,0.0
2019-03-20,2019,statement,growth,2,0.003875968992248062
2019-03-20,2019,statement,recession,0,0.0
2019-05-01,2019,statement,inflation,9,0.018292682926829267
2019-05-01,2019,statement,employment,2,0.0040650406504065045
2019-05-01,2019,statement,unemployment,1,0.0020325203252032522
2019-05-01,2019,statement,labor market,3,0.006097560975609756
2019-05-01,2019,statement,risks,0,0.0
2019-05-01,2019,statement,uncertainty,0,0.0
2019-05-01,2019,statement,financial conditions,0,0.0
2019-05-01,2019,statement,growth,1,0.0020325203252032522
2019-05-01,2019,statement,recession,0,0.0
2019-06-19,2019,statement,inflation,10,0.018975332068311195
2019-06-19,2019,statement,employment,2,0.003795066413662239
2019-06-19,2019,statement,unemployment,1,0.0018975332068311196
2019-06-19,2019,statement,labor market,4,0.007590132827324478
2019-06-19,2019,statement,risks,0,0.0
2019-06-19,2019,statement,uncertainty,0,0.0
2019-06-19,2019,statement,financial conditions,0,0.0
2019-06-19,2019,statement,growth,1,0.0018975332068311196
2019-06-19,2019,statement,recession,0,0.0
2019-07-31,2019,statement,inflation,10,0.017452006980802792
2019-07-31,2019,statement,employment,2,0.0034904013961605585
2019-07-31,2019,statement,unemployment,1,0.0017452006980802793
2019-07-31,2019,statement,labor market,4,0.006980802792321117
2019-07-31,2019,statement,risks,0,0.0
2019-07-31,2019,statement,uncertainty,0,0.0
2019-07-31,2019,statement,financial conditions,0,0.0
2019-07-31,2019,statement,growth,2,0.0034904013961605585
2019-07-31,2019,statement,recession,0,0.0
2019-09-18,2019,statement,inflation,10,0.017985611510791366
2019-09-18,2019,statement,employment,2,0.0035971223021582736
2019-09-18,2019,statement,unemployment,1,0.0017985611510791368
2019-09-18,2019,statement,labor market,4,0.007194244604316547
2019-09-18,2019,statement,risks,0,0.0
2019-09-18,2019,statement,uncertainty,0,0.0
2019-09-18,2019,statement,financial conditions,0,0.0
2019-09-18,2019,statement,growth,0,0.0
2019-09-18,2019,statement,recession,0,0.0
2019-10-30,2019,statement,inflation,9,0.017341040462427744
2019-10-30,2019,statement,employment,2,0.0038535645472061657
2019-10-30,2019,statement,unemployment,1,0.0019267822736030828
2019-10-30,2019,statement,labor market,3,0.005780346820809248
2019-10-30,2019,statement,risks,0,0.0
2019-10-30,2019,statement,uncertainty,0,0.0
2019-10-30,2019,statement,financial conditions,0,0.0
2019-10-30,2019,statement,growth,0,0.0
2019-10-30,2019,statement,recession,0,0.0
2019-12-11,2019,statement,inflation,9,0.01859504132231405
2019-12-11,2019,statement,employment,2,0.004132231404958678
2019-12-11,2019,statement,unemployment,1,0.002066115702479339
2019-12-11,2019,statement,labor market,3,0.006198347107438017
2019-12-11,2019,statement,risks,0,0.0
2019-12-11,2019,statement,uncertainty,0,0.0
2019-12-11,2019,statement,financial conditions,0,0.0
2019-12-11,2019,statement,growth,0,0.0
2019-12-11,2019,statement,recession,0,0.0
2020-01-29,2020,statement,inflation,9,0.01859504132231405
2020-01-29,2020,statement,employment,2,0.004132231404958678
2020-01-29,2020,statement,unemployment,1,0.002066115702479339
2020-01-29,2020,statement,labor market,3,0.006198347107438017
2020-01-29,2020,statement,risks,0,0.0
2020-01-29,2020,statement,uncertainty,0,0.0
2020-01-29,2020,statement,financial conditions,0,0.0
2020-01-29,2020,statement,growth,0,0.0
2020-01-29,2020,statement,recession,0,0.0
2020-04-29,2020,statement,inflation,6,0.010033444816053512
2020-04-29,2020,statement,employment,4,0.006688963210702341
2020-04-29,2020,statement,unemployment,0,0.0
2020-04-29,2020,statement,labor market,1,0.0016722408026755853
2020-04-29,2020,statement,risks,1,0.0016722408026755853
2020-04-29,2020,statement,uncertainty,0,0.0
2020-04-29,2020,statement,financial conditions,2,0.0033444816053511705
2020-04-29,2020,statement,growth,0,0.0
2020-04-29,2020,statement,recession,0,0.0
2020-06-10,2020,statement,inflation,6,0.009983361064891847
2020-06-10,2020,statement,employment,4,0.0066555740432612314
2020-06-10,2020,statement,unemployment,0,0.0
2020-06-10,2020,statement,labor market,1,0.0016638935108153079
2020-06-10,2020,statement,risks,1,0.0016638935108153079
2020-06-10,2020,statement,uncertainty,0,0.0
2020-06-10,2020,statement,financial conditions,2,0.0033277870216306157
2020-06-10,2020,statement,growth,0,0.0
2020-06-10,2020,statement,recession,0,0.0
2020-07-29,2020,statement,inflation,6,0.00964630225080386
2020-07-29,2020,statement,employment,5,0.008038585209003215
2020-07-29,2020,statement,unemployment,0,0.0
2020-07-29,2020,statement,labor market,1,0.001607717041800643
2020-07-29,2020,statement,risks,1,0.001607717041800643
2020-07-29,2020,statement,uncertainty,0,0.0
2020-07-29,2020,statement,financial conditions,2,0.003215434083601286
2020-07-29,2020,statement,growth,0,0.0
2020-07-29,2020,statement,recession,0,0.0
2020-09-16,2020,statement,inflation,11,0.01532033426183844
2020-09-16,2020,statement,employment,6,0.008356545961002786
2020-09-16,2020,statement,unemployment,0,0.0
2020-09-16,2020,statement,labor market,2,0.002785515320334262
2020-09-16,2020,statement,risks,2,0.002785515320334262
2020-09-16,2020,statement,uncertainty,0,0.0
2020-09-16,2020,statement,financial conditions,2,0.002785515320334262
2020-09-16,2020,statement,growth,0,0.0
2020-09-16,2020,statement,recession,0,0.0
2020-11-05,2020,statement,inflation,10,0.015723270440251572
2020-11-05,2020,statement,employment,5,0.007861635220125786
2020-11-05,2020,statement,unemployment,0,0.0
2020-11-05,2020,statement,labor market,2,0.0031446540880503146
2020-11-05,2020,statement,risks,2,0.0031446540880503146
2020-11-05,2020,statement,uncertainty,0,0.0
2020-11-05,2020,statement,financial conditions,2,0.0031446540880503146
2020-11-05,2020,statement,growth,0,0.0
2020-11-05,2020,statement,recession,0,0.0
2020-12-16,2020,statement,inflation,10,0.015432098765432098
2020-12-16,2020,statement,employment,6,0.009259259259259259
2020-12-16,2020,statement,unemployment,0,0.0
2020-12-16,2020,statement,labor market,2,0.0030864197530864196
2020-12-16,2020,statement,risks,2,0.0030864197530864196
2020-12-16,2020,statement,uncertainty,0,0.0
2020-12-16,2020,statement,financial conditions,2,0.0030864197530864196
2020-12-16,2020,statement,growth,0,0.0
2020-12-16,2020,statement,recession,0,0.0
2021-01-27,2021,statement,inflation,10,0.015267175572519083
2021-01-27,2021,statement,employment,6,0.00916030534351145
2021-01-27,2021,statement,unemployment,0,0.0
2021-01-27,2021,statement,labor market,2,0.0030534351145038168
2021-01-27,2021,statement,risks,2,0.0030534351145038168
2021-01-27,2021,statement,uncertainty,0,0.0
2021-01-27,2021,statement,financial conditions,2,0.0030534351145038168
2021-01-27,2021,statement,growth,0,0.0
2021-01-27,2021,statement,recession,0,0.0
2021-03-17,2021,statement,inflation,10,0.015408320493066256
2021-03-17,2021,statement,employment,6,0.009244992295839754
2021-03-17,2021,statement,unemployment,0,0.0
2021-03-17,2021,statement,labor market,2,0.0030816640986132513
2021-03-17,2021,statement,risks,2,0.0030816640986132513
2021-03-17,2021,statement,uncertainty,0,0.0
2021-03-17,2021,statement,financial conditions,2,0.0030816640986132513
2021-03-17,2021,statement,growth,0,0.0
2021-03-17,2021,statement,recession,0,0.0
2021-04-28,2021,statement,inflation,9,0.01393188854489164
2021-04-28,2021,statement,employment,5,0.007739938080495356
2021-04-28,2021,statement,unemployment,0,0.0
2021-04-28,2021,statement,labor market,2,0.0030959752321981426
2021-04-28,2021,statement,risks,2,0.0030959752321981426
2021-04-28,2021,statement,uncertainty,0,0.0
2021-04-28,2021,statement,financial conditions,2,0.0030959752321981426
2021-04-28,2021,statement,growth,0,0.0
2021-04-28,2021,statement,recession,0,0.0
2021-06-16,2021,statement,inflation,9,0.013975155279503106
2021-06-16,2021,statement,employment,5,0.007763975155279503
2021-06-16,2021,statement,unemployment,0,0.0
2021-06-16,2021,statement,labor market,2,0.003105590062111801
2021-06-16,2021,statement,risks,2,0.003105590062111801
2021-06-16,2021,statement,uncertainty,0,0.0
2021-06-16,2021,statement,financial conditions,2,0.003105590062111801
2021-06-16,2021,statement,growth,0,0.0
2021-06-16,2021,statement,recession,0,0.0
2021-07-28,2021,statement,inflation,9,0.013677811550151976
2021-07-28,2021,statement,employment,5,0.007598784194528876
2021-07-28,2021,statement,unemployment,0,0.0
2021-07-28,2021,statement,labor market,2,0.00303951367781155
2021-07-28,2021,statement,risks,2,0.00303951367781155
2021-07-28,2021,statement,uncertainty,0,0.0
2021-07-28,2021,statement,financial conditions,2,0.00303951367781155
2021-07-28,2021,statement,growth,0,0.0
2021-07-28,2021,statement,recession,0,0.0
2021-09-22,2021,statement,inflation,9,0.013313609467455622
2021-09-22,2021,statement,employment,5,0.0073964497041420114
2021-09-22,2021,statement,unemployment,0,0.0
2021-09-22,2021,statement,labor market,2,0.0029585798816568047
2021-09-22,2021,statement,risks,2,0.0029585798816568047
2021-09-22,2021,statement,uncertainty,0,0.0
2021-09-22,2021,statement,financial conditions,2,0.0029585798816568047
2021-09-22,2021,statement,growth,0,0.0
2021-09-22,2021,statement,recession,0,0.0
2021-11-03,2021,statement,inflation,10,0.01278772378516624
2021-11-03,2021,statement,employment,5,0.00639386189258312
2021-11-03,2021,statement,unemployment,0,0.0
2021-11-03,2021,statement,labor market,2,0.0025575447570332483
2021-11-03,2021,statement,risks,2,0.0025575447570332483
2021-11-03,2021,statement,uncertainty,0,0.0
2021-11-03,2021,statement,financial conditions,2,0.0025575447570332483
2021-11-03,2021,statement,growth,0,0.0
2021-11-03,2021,statement,recession,0,0.0
2021-12-15,2021,statement,inflation,7,0.010115606936416185
2021-12-15,2021,statement,employment,5,0.0072254335260115606
2021-12-15,2021,statement,unemployment,1,0.001445086705202312
2021-12-15,2021,statement,labor market,3,0.004335260115606936
2021-12-15,2021,statement,risks,2,0.002890173410404624
2021-12-15,2021,statement,uncertainty,0,0.0
2021-12-15,2021,statement,financial conditions,2,0.002890173410404624
2021-12-15,2021,statement,growth,0,0.0
2021-12-15,2021,statement,recession,0,0.0
2022-01-26,2022,statement,inflation,6,0.009983361064891847
2022-01-26,2022,statement,employment,3,0.004991680532445923
2022-01-26,2022,statement,unemployment,1,0.0016638935108153079
2022-01-26,2022,statement,labor market,2,0.0033277870216306157
2022-01-26,2022,statement,risks,2,0.0033277870216306157
2022-01-26,2022,statement,uncertainty,0,0.0
2022-01-26,2022,statement,financial conditions,2,0.0033277870216306157
2022-01-26,2022,statement,growth,0,0.0
2022-01-26,2022,statement,recession,0,0.0
2022-03-16,2022,statement,inflation,6,0.011583011583011582
2022-03-16,2022,statement,employment,2,0.003861003861003861
2022-03-16,2022,statement,unemployment,1,0.0019305019305019305
2022-03-16,2022,statement,labor market,2,0.003861003861003861
2022-03-16,2022,statement,risks,1,0.0019305019305019305
2022-03-16,2022,statement,uncertainty,0,0.0
2022-03-16,2022,statement,financial conditions,0,0.0
2022-03-16,2022,statement,growth,0,0.0
2022-03-16,2022,statement,recession,0,0.0
2022-05-04,2022,statement,inflation,7,0.012681159420289856
2022-05-04,2022,statement,employment,1,0.0018115942028985507
2022-05-04,2022,statement,unemployment,1,0.0018115942028985507
2022-05-04,2022,statement,labor market,2,0.0036231884057971015
2022-05-04,2022,statement,risks,2,0.0036231884057971015
2022-05-04,2022,statement,uncertainty,0,0.0
2022-05-04,2022,statement,financial conditions,0,0.0
2022-05-04,2022,statement,growth,0,0.0
2022-05-04,2022,statement,recession,0,0.0
2022-06-15,2022,statement,inflation,7,0.013011152416356878
2022-06-15,2022,statement,employment,1,0.0018587360594795538
2022-06-15,2022,statement,unemployment,1,0.0018587360594795538
2022-06-15,2022,statement,labor market,1,0.0018587360594795538
2022-06-15,2022,statement,risks,2,0.0037174721189591076
2022-06-15,2022,statement,uncertainty,0,0.0
2022-06-15,2022,statement,financial conditions,0,0.0
2022-06-15,2022,statement,growth,0,0.0
2022-06-15,2022,statement,recession,0,0.0
2022-07-27,2022,statement,inflation,7,0.01443298969072165
2022-07-27,2022,statement,employment,1,0.002061855670103093
2022-07-27,2022,statement,unemployment,1,0.002061855670103093
2022-07-27,2022,statement,labor market,1,0.002061855670103093
2022-07-27,2022,statement,risks,2,0.004123711340206186
2022-07-27,2022,statement,uncertainty,0,0.0
2022-07-27,2022,statement,financial conditions,0,0.0
2022-07-27,2022,statement,growth,0,0.0
2022-07-27,2022,statement,recession,0,0.0
2022-09-21,2022,statement,inflation,7,0.01440329218106996
2022-09-21,2022,statement,employment,1,0.00205761316872428
2022-09-21,2022,statement,unemployment,1,0.00205761316872428
2022-09-21,2022,statement,labor market,1,0.00205761316872428
2022-09-21,2022,statement,risks,2,0.00411522633744856
2022-09-21,2022,statement,uncertainty,0,0.0
2022-09-21,2022,statement,financial conditions,0,0.0
2022-09-21,2022,statement,growth,1,0.00205761316872428
2022-09-21,2022,statement,recession,0,0.0
2022-11-02,2022,statement,inflation,9,0.016216216216216217
2022-11-02,2022,statement,employment,1,0.0018018018018018018
2022-11-02,2022,statement,unemployment,1,0.0018018018018018018
2022-11-02,2022,statement,labor market,1,0.0018018018018018018
2022-11-02,2022,statement,risks,2,0.0036036036036036037
2022-11-02,2022,statement,uncertainty,0,0.0
2022-11-02,2022,statement,financial conditions,0,0.0
2022-11-02,2022,statement,growth,1,0.0018018018018018018
2022-11-02,2022,statement,recession,0,0.0
2022-12-14,2022,statement,inflation,9,0.016216216216216217
2022-12-14,2022,statement,employment,1,0.0018018018018018018
2022-12-14,2022,statement,unemployment,1,0.0018018018018018018
2022-12-14,2022,statement,labor market,1,0.0018018018018018018
2022-12-14,2022,statement,risks,2,0.0036036036036036037
2022-12-14,2022,statement,uncertainty,0,0.0
2022-12-14,2022,statement,financial conditions,0,0.0
2022-12-14,2022,statement,growth,1,0.0018018018018018018
2022-12-14,2022,statement,recession,0,0.0
2023-02-01,2023,statement,inflation,8,0.015594541910331383
2023-02-01,2023,statement,employment,1,0.001949317738791423
2023-02-01,2023,statement,unemployment,1,0.001949317738791423
2023-02-01,2023,statement,labor market,1,0.001949317738791423
2023-02-01,2023,statement,risks,2,0.003898635477582846
2023-02-01,2023,statement,uncertainty,1,0.001949317738791423
2023-02-01,2023,statement,financial conditions,0,0.0
2023-02-01,2023,statement,growth,1,0.001949317738791423
2023-02-01,2023,statement,recession,0,0.0
2023-03-22,2023,statement,inflation,9,0.016483516483516484
2023-03-22,2023,statement,employment,1,0.0018315018315018315
2023-03-22,2023,statement,unemployment,1,0.0018315018315018315
2023-03-22,2023,statement,labor market,1,0.0018315018315018315
2023-03-22,2023,statement,risks,2,0.003663003663003663
2023-03-22,2023,statement,uncertainty,0,0.0
2023-03-22,2023,statement,financial conditions,0,0.0
2023-03-22,2023,statement,growth,1,0.0018315018315018315
2023-03-22,2023,statement,recession,0,0.0
2023-05-03,2023,statement,inflation,9,0.017578125
2023-05-03,2023,statement,employment,1,0.001953125
2023-05-03,2023,statement,unemployment,1,0.001953125
2023-05-03,2023,statement,labor market,1,0.001953125
2023-05-03,2023,statement,risks,2,0.00390625
2023-05-03,2023,statement,uncertainty,0,0.0
2023-05-03,2023,statement,financial conditions,0,0.0
2023-05-03,2023,statement,growth,0,0.0
2023-05-03,2023,statement,recession,0,0.0
2023-06-14,2023,statement,inflation,9,0.017241379310344827
2023-06-14,2023,statement,employment,1,0.0019157088122605363
2023-06-14,2023,statement,unemployment,1,0.0019157088122605363
2023-06-14,2023,statement,labor market,1,0.0019157088122605363
2023-06-14,2023,statement,risks,2,0.0038314176245210726
2023-06-14,2023,statement,uncertainty,0,0.0
2023-06-14,2023,statement,financial conditions,0,0.0
2023-06-14,2023,statement,growth,0,0.0
2023-06-14,2023,statement,recession,0,0.0
2023-07-26,2023,statement,inflation,9,0.017509727626459144
2023-07-26,2023,statement,employment,1,0.0019455252918287938
2023-07-26,2023,statement,unemployment,1,0.0019455252918287938
2023-07-26,2023,statement,labor market,1,0.0019455252918287938
2023-07-26,2023,statement,risks,2,0.0038910505836575876
2023-07-26,2023,statement,uncertainty,0,0.0
2023-07-26,2023,statement,financial conditions,0,0.0
2023-07-26,2023,statement,growth,0,0.0
2023-07-26,2023,statement,recession,0,0.0
2023-09-20,2023,statement,inflation,9,0.017341040462427744
2023-09-20,2023,statement,employment,1,0.0019267822736030828
2023-09-20,2023,statement,unemployment,1,0.0019267822736030828
2023-09-20,2023,statement,labor market,1,0.0019267822736030828
2023-09-20,2023,statement,risks,2,0.0038535645472061657
2023-09-20,2023,statement,uncertainty,0,0.0
2023-09-20,2023,statement,financial conditions,0,0.0
2023-09-20,2023,statement,growth,0,0.0
2023-09-20,2023,statement,recession,0,0.0
2023-11-01,2023,statement,inflation,9,0.017142857142857144
2023-11-01,2023,statement,employment,1,0.0019047619047619048
2023-11-01,2023,statement,unemployment,1,0.0019047619047619048
2023-11-01,2023,statement,labor market,1,0.0019047619047619048
2023-11-01,2023,statement,risks,2,0.0038095238095238095
2023-11-01,2023,statement,uncertainty,0,0.0
2023-11-01,2023,statement,financial conditions,0,0.0
2023-11-01,2023,statement,growth,0,0.0
2023-11-01,2023,statement,recession,0,0.0
2023-12-13,2023,statement,inflation,9,0.016791044776119403
2023-12-13,2023,statement,employment,1,0.0018656716417910447
2023-12-13,2023,statement,unemployment,1,0.0018656716417910447
2023-12-13,2023,statement,labor market,1,0.0018656716417910447
2023-12-13,2023,statement,risks,2,0.0037313432835820895
2023-12-13,2023,statement,uncertainty,0,0.0
2023-12-13,2023,statement,financial conditions,0,0.0
2023-12-13,2023,statement,growth,1,0.0018656716417910447
2023-12-13,2023,statement,recession,0,0.0
2024-01-31,2024,statement,inflation,8,0.01556420233463035
2024-01-31,2024,statement,employment,2,0.0038910505836575876
2024-01-31,2024,statement,unemployment,1,0.0019455252918287938
2024-01-31,2024,statement,labor market,1,0.0019455252918287938
2024-01-31,2024,statement,risks,4,0.007782101167315175
2024-01-31,2024,statement,uncertainty,0,0.0
2024-01-31,2024,statement,financial conditions,0,0.0
2024-01-31,2024,statement,growth,0,0.0
2024-01-31,2024,statement,recession,0,0.0
2024-03-20,2024,statement,inflation,8,0.015748031496062992
2024-03-20,2024,statement,employment,2,0.003937007874015748
2024-03-20,2024,statement,unemployment,1,0.001968503937007874
2024-03-20,2024,statement,labor market,1,0.001968503937007874
2024-03-20,2024,statement,risks,4,0.007874015748031496
2024-03-20,2024,statement,uncertainty,0,0.0
2024-03-20,2024,statement,financial conditions,0,0.0
2024-03-20,2024,statement,growth,0,0.0
2024-03-20,2024,statement,recession,0,0.0
2024-05-01,2024,statement,inflation,9,0.015437392795883362
2024-05-01,2024,statement,employment,2,0.003430531732418525
2024-05-01,2024,statement,unemployment,1,0.0017152658662092624
2024-05-01,2024,statement,labor market,1,0.0017152658662092624
2024-05-01,2024,statement,risks,4,0.00686106346483705
2024-05-01,2024,statement,uncertainty,0,0.0
2024-05-01,2024,statement,financial conditions,0,0.0
2024-05-01,2024,statement,growth,0,0.0
2024-05-01,2024,statement,recession,0,0.0
2024-06-12,2024,statement,inflation,9,0.01727447216890595
2024-06-12,2024,statement,employment,2,0.003838771593090211
2024-06-12,2024,statement,unemployment,1,0.0019193857965451055
2024-06-12,2024,statement,labor market,1,0.0019193857965451055
2024-06-12,2024,statement,risks,4,0.007677543186180422
2024-06-12,2024,statement,uncertainty,0,0.0
2024-06-12,2024,statement,financial conditions,0,0.0
2024-06-12,2024,statement,growth,0,0.0
2024-06-12,2024,statement,recession,0,0.0
2024-07-31,2024,statement,inflation,8,0.01486988847583643
2024-07-31,2024,statement,employment,2,0.0037174721189591076
2024-07-31,2024,statement,unemployment,1,0.0018587360594795538
2024-07-31,2024,statement,labor market,1,0.0018587360594795538
2024-07-31,2024,statement,risks,4,0.007434944237918215
2024-07-31,2024,statement,uncertainty,0,0.0
2024-07-31,2024,statement,financial conditions,0,0.0
2024-07-31,2024,statement,growth,0,0.0
2024-07-31,2024,statement,recession,0,0.0
2024-09-18,2024,statement,inflation,8,0.0150093808630394
2024-09-18,2024,statement,employment,3,0.005628517823639775
2024-09-18,2024,statement,unemployment,1,0.001876172607879925
2024-09-18,2024,statement,labor market,1,0.001876172607879925
2024-09-18,2024,statement,risks,5,0.009380863039399626
2024-09-18,2024,statement,uncertainty,0,0.0
2024-09-18,2024,statement,financial conditions,0,0.0
2024-09-18,2024,statement,growth,0,0.0
2024-09-18,2024,statement,recession,0,0.0
2024-11-07,2024,statement,inflation,6,0.012072434607645875
2024-11-07,2024,statement,employment,3,0.006036217303822937
2024-11-07,2024,statement,unemployment,1,0.002012072434607646
2024-11-07,2024,statement,labor market,2,0.004024144869215292
2024-11-07,2024,statement,risks,4,0.008048289738430584
2024-11-07,2024,statement,uncertainty,0,0.0
2024-11-07,2024,statement,financial conditions,0,0.0
2024-11-07,2024,statement,growth,0,0.0
2024-11-07,2024,statement,recession,0,0.0
2024-12-18,2024,statement,inflation,6,0.011494252873563218
2024-12-18,2024,statement,employment,3,0.005747126436781609
2024-12-18,2024,statement,unemployment,1,0.0019157088122605363
2024-12-18,2024,statement,labor market,2,0.0038314176245210726
2024-12-18,2024,statement,risks,4,0.007662835249042145
2024-12-18,2024,statement,uncertainty,0,0.0
2024-12-18,2024,statement,financial conditions,0,0.0
2024-12-18,2024,statement,growth,0,0.0
2024-12-18,2024,statement,recession,0,0.0
2000-02-02,2000,minutes,inflation,30,0.003606202668589975
2000-02-02,2000,minutes,employment,3,0.0003606202668589975
2000-02-02,2000,minutes,unemployment,4,0.0004808270224786633
2000-02-02,2000,minutes,labor market,0,0.0
2000-02-02,2000,minutes,risks,6,0.000721240533717995
2000-02-02,2000,minutes,uncertainty,2,0.00024041351123933166
2000-02-02,2000,minutes,financial conditions,3,0.0003606202668589975
2000-02-02,2000,minutes,growth,51,0.006130544536602957
2000-02-02,2000,minutes,recession,0,0.0
2000-03-21,2000,minutes,inflation,21,0.004736129905277402
2000-03-21,2000,minutes,employment,1,0.0002255299954894001
2000-03-21,2000,minutes,unemployment,2,0.0004510599909788002
2000-03-21,2000,minutes,labor market,0,0.0
2000-03-21,2000,minutes,risks,6,0.0013531799729364006
2000-03-21,2000,minutes,uncertainty,1,0.0002255299954894001
2000-03-21,2000,minutes,financial conditions,3,0.0006765899864682003
2000-03-21,2000,minutes,growth,24,0.005412719891745603
2000-03-21,2000,minutes,recession,0,0.0
2000-05-16,2000,minutes,inflation,17,0.004174852652259332
2000-05-16,2000,minutes,employment,6,0.0014734774066797642
2000-05-16,2000,minutes,unemployment,1,0.0002455795677799607
2000-05-16,2000,minutes,labor market,0,0.0
2000-05-16,2000,minutes,risks,7,0.001719056974459725
2000-05-16,2000,minutes,uncertainty,0,0.0
2000-05-16,2000,minutes,financial conditions,2,0.0004911591355599214
2000-05-16,2000,minutes,growth,26,0.0063850687622789785
2000-05-16,2000,minutes,recession,0,0.0
2000-06-28,2000,minutes,inflation,21,0.0048331415420023015
2000-06-28,2000,minutes,employment,4,0.0009205983889528193
2000-06-28,2000,minutes,unemployment,3,0.0006904487917146145
2000-06-28,2000,minutes,labor market,0,0.0
2000-06-28,2000,minutes,risks,5,0.0011507479861910242
2000-06-28,2000,minutes,uncertainty,1,0.00023014959723820482
2000-06-28,2000,minutes,financial conditions,4,0.0009205983889528193
2000-06-28,2000,minutes,growth,29,0.0066743383199079406
2000-06-28,2000,minutes,recession,0,0.0
2000-08-22,2000,minutes,inflation,22,0.005228136882129277
2000-08-22,2000,minutes,employment,3,0.0007129277566539924
2000-08-22,2000,minutes,unemployment,2,0.0004752851711026616
2000-08-22,2000,minutes,labor market,1,0.0002376425855513308
2000-08-22,2000,minutes,risks,8,0.0019011406844106464
2000-08-22,2000,minutes,uncertainty,2,0.0004752851711026616
2000-08-22,2000,minutes,financial conditions,3,0.0007129277566539924
2000-08-22,2000,minutes,growth,33,0.007842205323193916
2000-08-22,2000,minutes,recession,0,0.0
2000-10-03,2000,minutes,inflation,29,0.007696390658174098
2000-10-03,2000,minutes,employment,4,0.0010615711252653928
2000-10-03,2000,minutes,unemployment,2,0.0005307855626326964
2000-10-03,2000,minutes,labor market,0,0.0
2000-10-03,2000,minutes,risks,6,0.0015923566878980893
2000-10-03,2000,minutes,uncertainty,2,0.0005307855626326964
2000-10-03,2000,minutes,financial conditions,3,0.0007961783439490446
2000-10-03,2000,minutes,growth,29,0.007696390658174098
2000-10-03,2000,minutes,recession,0,0.0
2000-11-15,2000,minutes,inflation,28,0.006366530241018645
2000-11-15,2000,minutes,employment,6,0.001364256480218281
2000-11-15,2000,minutes,unemployment,2,0.00045475216007276033
2000-11-15,2000,minutes,labor market,0,0.0
2000-11-15,2000,minutes,risks,8,0.0018190086402910413
2000-11-15,2000,minutes,uncertainty,3,0.0006821282401091405
2000-11-15,2000,minutes,financial conditions,3,0.0006821282401091405
2000-11-15,2000,minutes,growth,39,0.008867667121418827
2000-11-15,2000,minutes,recession,0,0.0
2000-12-19,2000,minutes,inflation,23,0.004476449980537174
2000-12-19,2000,minutes,employment,8,0.001557026080186843
2000-12-19,2000,minutes,unemployment,2,0.00038925652004671076
2000-12-19,2000,minutes,labor market,2,0.00038925652004671076
2000-12-19,2000,minutes,risks,17,0.0033086804203970414
2000-12-19,2000,minutes,uncertainty,0,0.0
2000-12-19,2000,minutes,financial conditions,5,0.000973141300116777
2000-12-19,2000,minutes,growth,40,0.007785130400934216
2000-12-19,2000,minutes,recession,0,0.0
2001-01-31,2001,minutes,inflation,18,0.002008256164230726
2001-01-31,2001,minutes,employment,4,0.0004462791476068281
2001-01-31,2001,minutes,unemployment,3,0.00033470936070512103
2001-01-31,2001,minutes,labor market,1,0.00011156978690170702
2001-01-31,2001,minutes,risks,10,0.0011156978690170702
2001-01-31,2001,minutes,uncertainty,0,0.0
2001-01-31,2001,minutes,financial conditions,1,0.00011156978690170702
2001-01-31,2001,minutes,growth,28,0.0031239540332477964
2001-01-31,2001,minutes,recession,0,0.0
2001-03-20,2001,minutes,inflation,12,0.002494283932654334
2001-03-20,2001,minutes,employment,5,0.0010392849719393059
2001-03-20,2001,minutes,unemployment,2,0.0004157139887757223
2001-03-20,2001,minutes,labor market,1,0.00020785699438786114
2001-03-20,2001,minutes,risks,9,0.0018707129494907504
2001-03-20,2001,minutes,uncertainty,2,0.0004157139887757223
2001-03-20,2001,minutes,financial conditions,3,0.0006235709831635835
2001-03-20,2001,minutes,growth,26,0.0054042818540843895
2001-03-20,2001,minutes,recession,0,0.0
2001-05-15,2001,minutes,inflation,26,0.005218787635487756
2001-05-15,2001,minutes,employment,4,0.0008028904054596548
2001-05-15,2001,minutes,unemployment,4,0.0008028904054596548
2001-05-15,2001,minutes,labor market,0,0.0
2001-05-15,2001,minutes,risks,12,0.0024086712163789645
2001-05-15,2001,minutes,uncertainty,1,0.0002007226013649137
2001-05-15,2001,minutes,financial conditions,1,0.0002007226013649137
2001-05-15,2001,minutes,growth,29,0.005820955439582497
2001-05-15,2001,minutes,recession,1,0.0002007226013649137
2001-06-27,2001,minutes,inflation,18,0.0036518563603164943
2001-06-27,2001,minutes,employment,4,0.0008115236356258876
2001-06-27,2001,minutes,unemployment,7,0.0014201663623453033
2001-06-27,2001,minutes,labor market,2,0.0004057618178129438
2001-06-27,2001,minutes,risks,9,0.0018259281801582471
2001-06-27,2001,minutes,uncertainty,2,0.0004057618178129438
2001-06-27,2001,minutes,financial conditions,3,0.0006086427267194157
2001-06-27,2001,minutes,growth,25,0.005072022722661797
2001-06-27,2001,minutes,recession,0,0.0
2001-08-21,2001,minutes,inflation,10,0.002086375964948884
2001-08-21,2001,minutes,employment,6,0.0012518255789693302
2001-08-21,2001,minutes,unemployment,3,0.0006259127894846651
2001-08-21,2001,minutes,labor market,2,0.00041727519298977677
2001-08-21,2001,minutes,risks,7,0.0014604631754642186
2001-08-21,2001,minutes,uncertainty,4,0.0008345503859795535
2001-08-21,2001,minutes,financial conditions,4,0.0008345503859795535
2001-08-21,2001,minutes,growth,20,0.004172751929897768
2001-08-21,2001,minutes,recession,0,0.0
2001-10-02,2001,minutes,inflation,14,0.0032043945983062485
2001-10-02,2001,minutes,employment,5,0.0011444266422522317
2001-10-02,2001,minutes,unemployment,3,0.000686655985351339
2001-10-02,2001,minutes,labor market,1,0.00022888532845044633
2001-10-02,2001,minutes,risks,6,0.001373311970702678
2001-10-02,2001,minutes,uncertainty,8,0.0018310826276035706
2001-10-02,2001,minutes,financial conditions,1,0.00022888532845044633
2001-10-02,2001,minutes,growth,9,0.002059967956054017
2001-10-02,2001,minutes,recession,0,0.0
2001-11-06,2001,minutes,inflation,15,0.0035294117647058825
2001-11-06,2001,minutes,employment,3,0.0007058823529411765
2001-11-06,2001,minutes,unemployment,3,0.0007058823529411765
2001-11-06,2001,minutes,labor market,2,0.00047058823529411766
2001-11-06,2001,minutes,risks,9,0.0021176470588235292
2001-11-06,2001,minutes,uncertainty,6,0.001411764705882353
2001-11-06,2001,minutes,financial conditions,1,0.00023529411764705883
2001-11-06,2001,minutes,growth,7,0.0016470588235294118
2001-11-06,2001,minutes,recession,0,0.0
2001-12-11,2001,minutes,inflation,11,0.0024117518088138568
2001-12-11,2001,minutes,employment,3,0.00065775049331287
2001-12-11,2001,minutes,unemployment,1,0.00021925016443762334
2001-12-11,2001,minutes,labor market,6,0.00131550098662574
2001-12-11,2001,minutes,risks,8,0.0017540013155009867
2001-12-11,2001,minutes,uncertainty,2,0.0004385003288752467
2001-12-11,2001,minutes,financial conditions,1,0.00021925016443762334
2001-12-11,2001,minutes,growth,9,0.0019732514799386098
2001-12-11,2001,minutes,recession,2,0.0004385003288752467
2002-01-30,2002,minutes,inflation,14,0.0017827581815866547
2002-01-30,2002,minutes,employment,3,0.00038201961033999744
2002-01-30,2002,minutes,unemployment,8,0.0010187189609066599
2002-01-30,2002,minutes,labor market,1,0.00012733987011333248
2002-01-30,2002,minutes,risks,7,0.0008913790907933274
2002-01-30,2002,minutes,uncertainty,3,0.00038201961033999744
2002-01-30,2002,minutes,financial conditions,1,0.00012733987011333248
2002-01-30,2002,minutes,growth,21,0.0026741372723799823
2002-01-30,2002,minutes,recession,1,0.00012733987011333248
2002-03-19,2002,minutes,inflation,8,0.0017474879860200961
2002-03-19,2002,minutes,employment,4,0.0008737439930100481
2002-03-19,2002,minutes,unemployment,4,0.0008737439930100481
2002-03-19,2002,minutes,labor market,0,0.0
2002-03-19,2002,minutes,risks,7,0.0015290519877675841
2002-03-19,2002,minutes,uncertainty,4,0.0008737439930100481
2002-03-19,2002,minutes,financial conditions,1,0.00021843599825251202
2002-03-19,2002,minutes,growth,17,0.003713411970292704
2002-03-19,2002,minutes,recession,0,0.0
2002-05-07,2002,minutes,inflation,17,0.004336734693877551
2002-05-07,2002,minutes,employment,3,0.0007653061224489796
2002-05-07,2002,minutes,unemployment,2,0.0005102040816326531
2002-05-07,2002,minutes,labor market,0,0.0
2002-05-07,2002,minutes,risks,7,0.0017857142857142857
2002-05-07,2002,minutes,uncertainty,1,0.00025510204081632655
2002-05-07,2002,minutes,financial conditions,1,0.00025510204081632655
2002-05-07,2002,minutes,growth,18,0.004591836734693878
2002-05-07,2002,minutes,recession,0,0.0
2002-06-26,2002,minutes,inflation,24,0.005683163627752783
2002-06-26,2002,minutes,employment,2,0.0004735969689793985
2002-06-26,2002,minutes,unemployment,4,0.000947193937958797
2002-06-26,2002,minutes,labor market,0,0.0
2002-06-26,2002,minutes,risks,5,0.0011839924224484964
2002-06-26,2002,minutes,uncertainty,4,0.000947193937958797
2002-06-26,2002,minutes,financial conditions,1,0.00023679848448969926
2002-06-26,2002,minutes,growth,21,0.0049727681742836845
2002-06-26,2002,minutes,recession,0,0.0
2002-08-13,2002,minutes,inflation,11,0.002732919254658385
2002-08-13,2002,minutes,employment,3,0.0007453416149068323
2002-08-13,2002,minutes,unemployment,2,0.0004968944099378882
2002-08-13,2002,minutes,labor market,0,0.0
2002-08-13,2002,minutes,risks,8,0.001987577639751553
2002-08-13,2002,minutes,uncertainty,2,0.0004968944099378882
2002-08-13,2002,minutes,financial conditions,2,0.0004968944099378882
2002-08-13,2002,minutes,growth,17,0.00422360248447205
2002-08-13,2002,minutes,recession,0,0.0
2002-09-24,2002,minutes,inflation,14,0.0036929570034291742
2002-09-24,2002,minutes,employment,6,0.0015826958586125032
2002-09-24,2002,minutes,unemployment,3,0.0007913479293062516
2002-09-24,2002,minutes,labor market,1,0.0002637826431020839
2002-09-24,2002,minutes,risks,4,0.0010551305724083356
2002-09-24,2002,minutes,uncertainty,2,0.0005275652862041678
2002-09-24,2002,minutes,financial conditions,1,0.0002637826431020839
2002-09-24,2002,minutes,growth,20,0.005275652862041678
2002-09-24,2002,minutes,recession,0,0.0
2002-11-06,2002,minutes,inflation,9,0.001989829759009507
2002-11-06,2002,minutes,employment,5,0.001105460977227504
2002-11-06,2002,minutes,unemployment,3,0.0006632765863365023
2002-11-06,2002,minutes,labor market,1,0.00022109219544550078
2002-11-06,2002,minutes,risks,7,0.0015476453681185054
2002-11-06,2002,minutes,uncertainty,2,0.00044218439089100157
2002-11-06,2002,minutes,financial conditions,2,0.00044218439089100157
2002-11-06,2002,minutes,growth,15,0.0033163829316825116
2002-11-06,2002,minutes,recession,0,0.0
2002-12-10,2002,minutes,inflation,8,0.0024509803921568627
2002-12-10,2002,minutes,employment,4,0.0012254901960784314
2002-12-10,2002,minutes,unemployment,1,0.00030637254901960784
2002-12-10,2002,minutes,labor market,1,0.00030637254901960784
2002-12-10,2002,minutes,risks,8,0.0024509803921568627
2002-12-10,2002,minutes,uncertainty,3,0.0009191176470588235
2002-12-10,2002,minutes,financial conditions,1,0.00030637254901960784
2002-12-10,2002,minutes,growth,15,0.004595588235294118
2002-12-10,2002,minutes,recession,0,0.0
2003-01-29,2003,minutes,inflation,9,0.0012152308938698352
2003-01-29,2003,minutes,employment,4,0.0005401026194977045
2003-01-29,2003,minutes,unemployment,4,0.0005401026194977045
2003-01-29,2003,minutes,labor market,4,0.0005401026194977045
2003-01-29,2003,minutes,risks,4,0.0005401026194977045
2003-01-29,2003,minutes,uncertainty,3,0.0004050769646232784
2003-01-29,2003,minutes,financial conditions,3,0.0004050769646232784
2003-01-29,2003,minutes,growth,19,0.002565487442614097
2003-01-29,2003,minutes,recession,0,0.0
2003-03-18,2003,minutes,inflation,9,0.0024691358024691358
2003-03-18,2003,minutes,employment,2,0.0005486968449931413
2003-03-18,2003,minutes,unemployment,2,0.0005486968449931413
2003-03-18,2003,minutes,labor market,3,0.0008230452674897119
2003-03-18,2003,minutes,risks,2,0.0005486968449931413
2003-03-18,2003,minutes,uncertainty,5,0.0013717421124828531
2003-03-18,2003,minutes,financial conditions,2,0.0005486968449931413
2003-03-18,2003,minutes,growth,16,0.0043895747599451305
2003-03-18,2003,minutes,recession,0,0.0
2003-05-06,2003,minutes,inflation,10,0.0025438819638768763
2003-05-06,2003,minutes,employment,4,0.0010175527855507504
2003-05-06,2003,minutes,unemployment,2,0.0005087763927753752
2003-05-06,2003,minutes,labor market,2,0.0005087763927753752
2003-05-06,2003,minutes,risks,8,0.002035105571101501
2003-05-06,2003,minutes,uncertainty,2,0.0005087763927753752
2003-05-06,2003,minutes,financial conditions,1,0.0002543881963876876
2003-05-06,2003,minutes,growth,22,0.005596540320529127
2003-05-06,2003,minutes,recession,0,0.0
2003-06-25,2003,minutes,inflation,27,0.0054678007290400975
2003-06-25,2003,minutes,employment,2,0.0004050222762251924
2003-06-25,2003,minutes,unemployment,4,0.0008100445524503848
2003-06-25,2003,minutes,labor market,0,0.0
2003-06-25,2003,minutes,risks,13,0.0026326447954637504
2003-06-25,2003,minutes,uncertainty,1,0.0002025111381125962
2003-06-25,2003,minutes,financial conditions,5,0.001012555690562981
2003-06-25,2003,minutes,growth,20,0.004050222762251924
2003-06-25,2003,minutes,recession,0,0.0
2003-08-12,2003,minutes,inflation,14,0.0036678019386953103
2003-08-12,2003,minutes,employment,3,0.0007859575582918522
2003-08-12,2003,minutes,unemployment,1,0.00026198585276395077
2003-08-12,2003,minutes,labor market,1,0.00026198585276395077
2003-08-12,2003,minutes,risks,11,0.002881844380403458
2003-08-12,2003,minutes,uncertainty,1,0.00026198585276395077
2003-08-12,2003,minutes,financial conditions,5,0.0013099292638197536
2003-08-12,2003,minutes,growth,16,0.004191773644223212
2003-08-12,2003,minutes,recession,0,0.0
2003-09-16,2003,minutes,inflation,18,0.004582484725050916
2003-09-16,2003,minutes,employment,8,0.002036659877800407
2003-09-16,2003,minutes,unemployment,1,0.0002545824847250509
2003-09-16,2003,minutes,labor market,0,0.0
2003-09-16,2003,minutes,risks,9,0.002291242362525458
2003-09-16,2003,minutes,uncertainty,4,0.0010183299389002036
2003-09-16,2003,minutes,financial conditions,2,0.0005091649694501018
2003-09-16,2003,minutes,growth,16,0.004073319755600814
2003-09-16,2003,minutes,recession,0,0.0
2003-10-28,2003,minutes,inflation,20,0.005356186395286556
2003-10-28,2003,minutes,employment,7,0.0018746652383502945
2003-10-28,2003,minutes,unemployment,1,0.0002678093197643278
2003-10-28,2003,minutes,labor market,2,0.0005356186395286556
2003-10-28,2003,minutes,risks,8,0.0021424745581146223
2003-10-28,2003,minutes,uncertainty,2,0.0005356186395286556
2003-10-28,2003,minutes,financial conditions,3,0.0008034279592929834
2003-10-28,2003,minutes,growth,16,0.004284949116229245
2003-10-28,2003,minutes,recession,0,0.0
2003-12-09,2003,minutes,inflation,27,0.006355932203389831
2003-12-09,2003,minutes,employment,9,0.00211864406779661
2003-12-09,2003,minutes,unemployment,4,0.0009416195856873823
2003-12-09,2003,minutes,labor market,2,0.00047080979284369113
2003-12-09,2003,minutes,risks,12,0.002824858757062147
2003-12-09,2003,minutes,uncertainty,2,0.00047080979284369113
2003-12-09,2003,minutes,financial conditions,2,0.00047080979284369113
2003-12-09,2003,minutes,growth,18,0.00423728813559322
2003-12-09,2003,minutes,recession,0,0.0
2004-01-28,2004,minutes,inflation,27,0.0031903580290677065
2004-01-28,2004,minutes,employment,10,0.0011816140848398913
2004-01-28,2004,minutes,unemployment,5,0.0005908070424199456
2004-01-28,2004,minutes,labor market,5,0.0005908070424199456
2004-01-28,2004,minutes,risks,8,0.000945291267871913
2004-01-28,2004,minutes,uncertainty,1,0.00011816140848398913
2004-01-28,2004,minutes,financial conditions,1,0.00011816140848398913
2004-01-28,2004,minutes,growth,20,0.0023632281696797826
2004-01-28,2004,minutes,recession,0,0.0
2004-03-16,2004,minutes,inflation,26,0.006673511293634497
2004-03-16,2004,minutes,employment,16,0.004106776180698152
2004-03-16,2004,minutes,unemployment,1,0.0002566735112936345
2004-03-16,2004,minutes,labor market,3,0.0007700205338809035
2004-03-16,2004,minutes,risks,5,0.0012833675564681724
2004-03-16,2004,minutes,uncertainty,0,0.0
2004-03-16,2004,minutes,financial conditions,1,0.0002566735112936345
2004-03-16,2004,minutes,growth,25,0.006416837782340862
2004-03-16,2004,minutes,recession,0,0.0
2004-05-04,2004,minutes,inflation,26,0.0054621848739495795
2004-05-04,2004,minutes,employment,8,0.0016806722689075631
2004-05-04,2004,minutes,unemployment,1,0.0002100840336134454
2004-05-04,2004,minutes,labor market,5,0.0010504201680672268
2004-05-04,2004,minutes,risks,7,0.0014705882352941176
2004-05-04,2004,minutes,uncertainty,1,0.0002100840336134454
2004-05-04,2004,minutes,financial conditions,2,0.0004201680672268908
2004-05-04,2004,minutes,growth,21,0.004411764705882353
2004-05-04,2004,minutes,recession,0,0.0
2004-06-30,2004,minutes,inflation,31,0.006879715934309809
2004-06-30,2004,minutes,employment,7,0.0015534842432312472
2004-06-30,2004,minutes,unemployment,3,0.0006657789613848203
2004-06-30,2004,minutes,labor market,6,0.0013315579227696406
2004-06-30,2004,minutes,risks,5,0.0011096316023080338
2004-06-30,2004,minutes,uncertainty,2,0.0004438526409232135
2004-06-30,2004,minutes,financial conditions,2,0.0004438526409232135
2004-06-30,2004,minutes,growth,19,0.004216600088770528
2004-06-30,2004,minutes,recession,0,0.0
2004-08-10,2004,minutes,inflation,21,0.005480167014613779
2004-08-10,2004,minutes,employment,8,0.0020876826722338203
2004-08-10,2004,minutes,unemployment,3,0.0007828810020876827
2004-08-10,2004,minutes,labor market,3,0.0007828810020876827
2004-08-10,2004,minutes,risks,7,0.0018267223382045928
2004-08-10,2004,minutes,uncertainty,3,0.0007828810020876827
2004-08-10,2004,minutes,financial conditions,2,0.0005219206680584551
2004-08-10,2004,minutes,growth,38,0.009916492693110648
2004-08-10,2004,minutes,recession,0,0.0
2004-09-21,2004,minutes,inflation,22,0.005417384880571288
2004-09-21,2004,minutes,employment,4,0.0009849790691947797
2004-09-21,2004,minutes,unemployment,3,0.0007387343018960847
2004-09-21,2004,minutes,labor market,10,0.002462447672986949
2004-09-21,2004,minutes,risks,4,0.0009849790691947797
2004-09-21,2004,minutes,uncertainty,2,0.0004924895345973898
2004-09-21,2004,minutes,financial conditions,1,0.0002462447672986949
2004-09-21,2004,minutes,growth,22,0.005417384880571288
2004-09-21,2004,minutes,recession,0,0.0
2004-11-10,2004,minutes,inflation,15,0.004205214465937763
2004-11-10,2004,minutes,employment,8,0.00224278104850014
2004-11-10,2004,minutes,unemployment,2,0.000560695262125035
2004-11-10,2004,minutes,labor market,3,0.0008410428931875525
2004-11-10,2004,minutes,risks,4,0.00112139052425007
2004-11-10,2004,minutes,uncertainty,1,0.0002803476310625175
2004-11-10,2004,minutes,financial conditions,4,0.00112139052425007
2004-11-10,2004,minutes,growth,15,0.004205214465937763
2004-11-10,2004,minutes,recession,0,0.0
2004-12-14,2004,minutes,inflation,21,0.005287009063444109
2004-12-14,2004,minutes,employment,11,0.0027693856998992953
2004-12-14,2004,minutes,unemployment,3,0.0007552870090634441
2004-12-14,2004,minutes,labor market,4,0.0010070493454179255
2004-12-14,2004,minutes,risks,9,0.0022658610271903325
2004-12-14,2004,minutes,uncertainty,1,0.00025176233635448137
2004-12-14,2004,minutes,financial conditions,5,0.0012588116817724068
2004-12-14,2004,minutes,growth,23,0.005790533736153071
2004-12-14,2004,minutes,recession,0,0.0
2005-02-02,2005,minutes,inflation,28,0.00397444996451384
2005-02-02,2005,minutes,employment,8,0.00113555713271824
2005-02-02,2005,minutes,unemployment,5,0.0007097232079489
2005-02-02,2005,minutes,labor market,4,0.00056777856635912
2005-02-02,2005,minutes,risks,7,0.00099361249112846
2005-02-02,2005,minutes,uncertainty,4,0.00056777856635912
2005-02-02,2005,minutes,financial conditions,4,0.00056777856635912
2005-02-02,2005,minutes,growth,27,0.00383250532292406
2005-02-02,2005,minutes,recession,0,0.0
2005-03-22,2005,minutes,inflation,38,0.008907641819034223
2005-03-22,2005,minutes,employment,2,0.00046882325363338024
2005-03-22,2005,minutes,unemployment,2,0.00046882325363338024
2005-03-22,2005,minutes,labor market,3,0.0007032348804500703
2005-03-22,2005,minutes,risks,5,0.0011720581340834506
2005-03-22,2005,minutes,uncertainty,2,0.00046882325363338024
2005-03-22,2005,minutes,financial conditions,2,0.00046882325363338024
2005-03-22,2005,minutes,growth,20,0.0046882325363338025
2005-03-22,2005,minutes,recession,0,0.0
2005-05-03,2005,minutes,inflation,32,0.007684918347742555
2005-05-03,2005,minutes,employment,5,0.0012007684918347744
2005-05-03,2005,minutes,unemployment,2,0.0004803073967339097
2005-05-03,2005,minutes,labor market,2,0.0004803073967339097
2005-05-03,2005,minutes,risks,11,0.002641690682036503
2005-05-03,2005,minutes,uncertainty,6,0.001440922190201729
2005-05-03,2005,minutes,financial conditions,1,0.00024015369836695484
2005-05-03,2005,minutes,growth,32,0.007684918347742555
2005-05-03,2005,minutes,recession,0,0.0
2005-06-30,2005,minutes,inflation,36,0.00837404047452896
2005-06-30,2005,minutes,employment,1,0.00023261223540358222
2005-06-30,2005,minutes,unemployment,5,0.0011630611770179111
2005-06-30,2005,minutes,labor market,6,0.0013956734124214933
2005-06-30,2005,minutes,risks,4,0.0009304489416143289
2005-06-30,2005,minutes,uncertainty,2,0.00046522447080716444
2005-06-30,2005,minutes,financial conditions,2,0.00046522447080716444
2005-06-30,2005,minutes,growth,23,0.005350081414282391
2005-06-30,2005,minutes,recession,0,0.0
2005-08-09,2005,minutes,inflation,30,0.009196811771919068
2005-08-09,2005,minutes,employment,4,0.001226241569589209
2005-08-09,2005,minutes,unemployment,2,0.0006131207847946045
2005-08-09,2005,minutes,labor market,3,0.0009196811771919068
2005-08-09,2005,minutes,risks,4,0.001226241569589209
2005-08-09,2005,minutes,uncertainty,0,0.0
2005-08-09,2005,minutes,financial conditions,3,0.0009196811771919068
2005-08-09,2005,minutes,growth,18,0.005518087063151441
2005-08-09,2005,minutes,recession,0,0.0
2005-09-20,2005,minutes,inflation,27,0.007860262008733625
2005-09-20,2005,minutes,employment,6,0.0017467248908296944
2005-09-20,2005,minutes,unemployment,2,0.0005822416302765648
2005-09-20,2005,minutes,labor market,1,0.0002911208151382824
2005-09-20,2005,minutes,risks,4,0.0011644832605531296
2005-09-20,2005,minutes,uncertainty,1,0.0002911208151382824
2005-09-20,2005,minutes,financial conditions,1,0.0002911208151382824
2005-09-20,2005,minutes,growth,15,0.004366812227074236
2005-09-20,2005,minutes,recession,0,0.0
2005-11-01,2005,minutes,inflation,30,0.008121277747698972
2005-11-01,2005,minutes,employment,8,0.002165674066053059
2005-11-01,2005,minutes,unemployment,2,0.0005414185165132648
2005-11-01,2005,minutes,labor market,0,0.0
2005-11-01,2005,minutes,risks,7,0.0018949648077964266
2005-11-01,2005,minutes,uncertainty,1,0.0002707092582566324
2005-11-01,2005,minutes,financial conditions,2,0.0005414185165132648
2005-11-01,2005,minutes,growth,19,0.005143475906876015
2005-11-01,2005,minutes,recession,0,0.0
2005-12-13,2005,minutes,inflation,29,0.00825740318906606
2005-12-13,2005,minutes,employment,9,0.002562642369020501
2005-12-13,2005,minutes,unemployment,1,0.0002847380410022779
2005-12-13,2005,minutes,labor market,1,0.0002847380410022779
2005-12-13,2005,minutes,risks,4,0.0011389521640091116
2005-12-13,2005,minutes,uncertainty,0,0.0
2005-12-13,2005,minutes,financial conditions,3,0.0008542141230068337
2005-12-13,2005,minutes,growth,19,0.00541002277904328
2005-12-13,2005,minutes,recession,0,0.0
2006-01-31,2006,minutes,inflation,25,0.0037352457791722696
2006-01-31,2006,minutes,employment,4,0.0005976393246675631
2006-01-31,2006,minutes,unemployment,3,0.00044822949350067237
2006-01-31,2006,minutes,labor market,0,0.0
2006-01-31,2006,minutes,risks,7,0.0010458688181682356
2006-01-31,2006,minutes,uncertainty,0,0.0
2006-01-31,2006,minutes,financial conditions,1,0.00014940983116689077
2006-01-31,2006,minutes,growth,21,0.0031376064545047063
2006-01-31,2006,minutes,recession,0,0.0
2006-03-28,2006,minutes,inflation,28,0.006975585450921774
2006-03-28,2006,minutes,employment,6,0.0014947683109118087
2006-03-28,2006,minutes,unemployment,1,0.00024912805181863477
2006-03-28,2006,minutes,labor market,5,0.001245640259093174
2006-03-28,2006,minutes,risks,7,0.0017438963627304435
2006-03-28,2006,minutes,uncertainty,1,0.00024912805181863477
2006-03-28,2006,minutes,financial conditions,3,0.0007473841554559044
2006-03-28,2006,minutes,growth,25,0.00622820129546587
2006-03-28,2006,minutes,recession,0,0.0
2006-05-10,2006,minutes,inflation,39,0.009004848764719464
2006-05-10,2006,minutes,employment,5,0.0011544677903486493
2006-05-10,2006,minutes,unemployment,1,0.00023089355806972986
2006-05-10,2006,minutes,labor market,1,0.00023089355806972986
2006-05-10,2006,minutes,risks,7,0.0016162549064881089
2006-05-10,2006,minutes,uncertainty,1,0.00023089355806972986
2006-05-10,2006,minutes,financial conditions,1,0.00023089355806972986
2006-05-10,2006,minutes,growth,33,0.007619487416301085
2006-05-10,2006,minutes,recession,0,0.0
2006-06-29,2006,minutes,inflation,47,0.011338962605548853
2006-06-29,2006,minutes,employment,1,0.00024125452352231604
2006-06-29,2006,minutes,unemployment,3,0.0007237635705669482
2006-06-29,2006,minutes,labor market,0,0.0
2006-06-29,2006,minutes,risks,6,0.0014475271411338963
2006-06-29,2006,minutes,uncertainty,2,0.0004825090470446321
2006-06-29,2006,minutes,financial conditions,1,0.00024125452352231604
2006-06-29,2006,minutes,growth,31,0.007478890229191798
2006-06-29,2006,minutes,recession,0,0.0
2006-08-08,2006,minutes,inflation,34,0.009176788124156544
2006-08-08,2006,minutes,employment,1,0.0002699055330634278
2006-08-08,2006,minutes,unemployment,1,0.0002699055330634278
2006-08-08,2006,minutes,labor market,0,0.0
2006-08-08,2006,minutes,risks,9,0.0024291497975708503
2006-08-08,2006,minutes,uncertainty,2,0.0005398110661268556
2006-08-08,2006,minutes,financial conditions,1,0.0002699055330634278
2006-08-08,2006,minutes,growth,28,0.007557354925775978
2006-08-08,2006,minutes,recession,0,0.0
2006-09-20,2006,minutes,inflation,38,0.010217800484001076
2006-09-20,2006,minutes,employment,8,0.0021511158913686476
2006-09-20,2006,minutes,unemployment,1,0.00026888948642108095
2006-09-20,2006,minutes,labor market,1,0.00026888948642108095
2006-09-20,2006,minutes,risks,7,0.0018822264049475664
2006-09-20,2006,minutes,uncertainty,2,0.0005377789728421619
2006-09-20,2006,minutes,financial conditions,2,0.0005377789728421619
2006-09-20,2006,minutes,growth,28,0.007528905619790266
2006-09-20,2006,minutes,recession,0,0.0
2006-10-25,2006,minutes,inflation,41,0.009242560865644725
2006-10-25,2006,minutes,employment,5,0.001127141568981064
2006-10-25,2006,minutes,unemployment,1,0.0002254283137962128
2006-10-25,2006,minutes,labor market,2,0.0004508566275924256
2006-10-25,2006,minutes,risks,10,0.002254283137962128
2006-10-25,2006,minutes,uncertainty,2,0.0004508566275924256
2006-10-25,2006,minutes,financial conditions,2,0.0004508566275924256
2006-10-25,2006,minutes,growth,25,0.00563570784490532
2006-10-25,2006,minutes,recession,0,0.0
2006-12-12,2006,minutes,inflation,32,0.007736943907156673
2006-12-12,2006,minutes,employment,10,0.0024177949709864605
2006-12-12,2006,minutes,unemployment,2,0.00048355899419729207
2006-12-12,2006,minutes,labor market,4,0.0009671179883945841
2006-12-12,2006,minutes,risks,9,0.0021760154738878143
2006-12-12,2006,minutes,uncertainty,2,0.00048355899419729207
2006-12-12,2006,minutes,financial conditions,3,0.0007253384912959381
2006-12-12,2006,minutes,growth,29,0.007011605415860735
2006-12-12,2006,minutes,recession,0,0.0
2007-01-31,2007,minutes,inflation,42,0.005562913907284768
2007-01-31,2007,minutes,employment,6,0.0007947019867549669
2007-01-31,2007,minutes,unemployment,4,0.0005298013245033113
2007-01-31,2007,minutes,labor market,2,0.00026490066225165563
2007-01-31,2007,minutes,risks,14,0.0018543046357615894
2007-01-31,2007,minutes,uncertainty,0,0.0
2007-01-31,2007,minutes,financial conditions,2,0.00026490066225165563
2007-01-31,2007,minutes,growth,38,0.005033112582781457
2007-01-31,2007,minutes,recession,0,0.0
2007-03-21,2007,minutes,inflation,42,0.010132689987937274
2007-03-21,2007,minutes,employment,5,0.0012062726176115801
2007-03-21,2007,minutes,unemployment,1,0.00024125452352231604
2007-03-21,2007,minutes,labor market,0,0.0
2007-03-21,2007,minutes,risks,7,0.0016887816646562123
2007-03-21,2007,minutes,uncertainty,2,0.0004825090470446321
2007-03-21,2007,minutes,financial conditions,2,0.0004825090470446321
2007-03-21,2007,minutes,growth,30,0.007237635705669481
2007-03-21,2007,minutes,recession,0,0.0
2007-05-09,2007,minutes,inflation,37,0.008718190386427899
2007-05-09,2007,minutes,employment,9,0.002120640904806786
2007-05-09,2007,minutes,unemployment,3,0.000706880301602262
2007-05-09,2007,minutes,labor market,3,0.000706880301602262
2007-05-09,2007,minutes,risks,5,0.00117813383600377
2007-05-09,2007,minutes,uncertainty,2,0.000471253534401508
2007-05-09,2007,minutes,financial conditions,2,0.000471253534401508
2007-05-09,2007,minutes,growth,26,0.006126295947219604
2007-05-09,2007,minutes,recession,0,0.0
2007-06-28,2007,minutes,inflation,49,0.010594594594594595
2007-06-28,2007,minutes,employment,5,0.001081081081081081
2007-06-28,2007,minutes,unemployment,4,0.0008648648648648649
2007-06-28,2007,minutes,labor market,3,0.0006486486486486486
2007-06-28,2007,minutes,risks,6,0.0012972972972972972
2007-06-28,2007,minutes,uncertainty,1,0.00021621621621621621
2007-06-28,2007,minutes,financial conditions,1,0.00021621621621621621
2007-06-28,2007,minutes,growth,34,0.0073513513513513516
2007-06-28,2007,minutes,recession,0,0.0
2007-08-07,2007,minutes,inflation,35,0.00801098649576562
2007-08-07,2007,minutes,employment,7,0.0016021972991531242
2007-08-07,2007,minutes,unemployment,1,0.00022888532845044633
2007-08-07,2007,minutes,labor market,2,0.00045777065690089265
2007-08-07,2007,minutes,risks,9,0.002059967956054017
2007-08-07,2007,minutes,uncertainty,2,0.00045777065690089265
2007-08-07,2007,minutes,financial conditions,3,0.000686655985351339
2007-08-07,2007,minutes,growth,47,0.010757610437170977
2007-08-07,2007,minutes,recession,0,0.0
2007-09-18,2007,minutes,inflation,27,0.0048543689320388345
2007-09-18,2007,minutes,employment,14,0.0025170801869830997
2007-09-18,2007,minutes,unemployment,3,0.0005393743257820927
2007-09-18,2007,minutes,labor market,0,0.0
2007-09-18,2007,minutes,risks,11,0.001977705861201007
2007-09-18,2007,minutes,uncertainty,7,0.0012585400934915498
2007-09-18,2007,minutes,financial conditions,4,0.000719165767709457
2007-09-18,2007,minutes,growth,27,0.0048543689320388345
2007-09-18,2007,minutes,recession,0,0.0
2007-10-31,2007,minutes,inflation,42,0.007521489971346705
2007-10-31,2007,minutes,employment,6,0.0010744985673352436
2007-10-31,2007,minutes,unemployment,4,0.0007163323782234957
2007-10-31,2007,minutes,labor market,1,0.00017908309455587392
2007-10-31,2007,minutes,risks,18,0.0032234957020057307
2007-10-31,2007,minutes,uncertainty,3,0.0005372492836676218
2007-10-31,2007,minutes,financial conditions,2,0.00035816618911174784
2007-10-31,2007,minutes,growth,38,0.0068051575931232094
2007-10-31,2007,minutes,recession,0,0.0
2007-12-11,2007,minutes,inflation,46,0.007622203811101905
2007-12-11,2007,minutes,employment,6,0.0009942004971002485
2007-12-11,2007,minutes,unemployment,1,0.00016570008285004143
2007-12-11,2007,minutes,labor market,3,0.0004971002485501243
2007-12-11,2007,minutes,risks,13,0.0021541010770505385
2007-12-11,2007,minutes,uncertainty,3,0.0004971002485501243
2007-12-11,2007,minutes,financial conditions,3,0.0004971002485501243
2007-12-11,2007,minutes,growth,43,0.007125103562551781
2007-12-11,2007,minutes,recession,0,0.0
2008-01-30,2008,minutes,inflation,51,0.005305867665418227
2008-01-30,2008,minutes,employment,7,0.0007282563462338743
2008-01-30,2008,minutes,unemployment,3,0.00031210986267166043
2008-01-30,2008,minutes,labor market,4,0.0004161464835622139
2008-01-30,2008,minutes,risks,23,0.00239284228048273
2008-01-30,2008,minutes,uncertainty,5,0.0005201831044527674
2008-01-30,2008,minutes,financial conditions,5,0.0005201831044527674
2008-01-30,2008,minutes,growth,48,0.004993757802746567
2008-01-30,2008,minutes,recession,0,0.0
2008-03-18,2008,minutes,inflation,49,0.00804333552199606
2008-03-18,2008,minutes,employment,6,0.000984898227183191
2008-03-18,2008,minutes,unemployment,1,0.00016414970453053183
2008-03-18,2008,minutes,labor market,1,0.00016414970453053183
2008-03-18,2008,minutes,risks,11,0.0018056467498358503
2008-03-18,2008,minutes,uncertainty,7,0.001149047931713723
2008-03-18,2008,minutes,financial conditions,1,0.00016414970453053183
2008-03-18,2008,minutes,growth,30,0.004924491135915955
2008-03-18,2008,minutes,recession,0,0.0
2008-04-30,2008,minutes,inflation,56,0.007951157177339203
2008-04-30,2008,minutes,employment,6,0.0008519096975720574
2008-04-30,2008,minutes,unemployment,4,0.0005679397983813716
2008-04-30,2008,minutes,labor market,1,0.0001419849495953429
2008-04-30,2008,minutes,risks,11,0.001561834445548772
2008-04-30,2008,minutes,uncertainty,5,0.0007099247479767144
2008-04-30,2008,minutes,financial conditions,3,0.0004259548487860287
2008-04-30,2008,minutes,growth,35,0.004969473235837001
2008-04-30,2008,minutes,recession,0,0.0
2008-06-25,2008,minutes,inflation,61,0.010330228619813718
2008-06-25,2008,minutes,employment,2,0.00033869602032176124
2008-06-25,2008,minutes,unemployment,5,0.000846740050804403
2008-06-25,2008,minutes,labor market,2,0.00033869602032176124
2008-06-25,2008,minutes,risks,17,0.0028789161727349705
2008-06-25,2008,minutes,uncertainty,3,0.0005080440304826418
2008-06-25,2008,minutes,financial conditions,3,0.0005080440304826418
2008-06-25,2008,minutes,growth,29,0.004911092294665537
2008-06-25,2008,minutes,recession,0,0.0
2008-08-05,2008,minutes,inflation,52,0.009976976208749041
2008-08-05,2008,minutes,employment,4,0.0007674597083653108
2008-08-05,2008,minutes,unemployment,2,0.0003837298541826554
2008-08-05,2008,minutes,labor market,2,0.0003837298541826554
2008-08-05,2008,minutes,risks,15,0.0028779739063699156
2008-08-05,2008,minutes,uncertainty,2,0.0003837298541826554
2008-08-05,2008,minutes,financial conditions,4,0.0007674597083653108
2008-08-05,2008,minutes,growth,29,0.005564082885648503
2008-08-05,2008,minutes,recession,1,0.0001918649270913277
2008-09-16,2008,minutes,inflation,33,0.007127429805615551
2008-09-16,2008,minutes,employment,4,0.0008639308855291577
2008-09-16,2008,minutes,unemployment,2,0.00043196544276457883
2008-09-16,2008,minutes,labor market,6,0.0012958963282937365
2008-09-16,2008,minutes,risks,11,0.0023758099352051837
2008-09-16,2008,minutes,uncertainty,0,0.0
2008-09-16,2008,minutes,financial conditions,2,0.00043196544276457883
2008-09-16,2008,minutes,growth,32,0.006911447084233261
2008-09-16,2008,minutes,recession,0,0.0
2008-10-29,2008,minutes,inflation,35,0.004396432608968722
2008-10-29,2008,minutes,employment,5,0.0006280618012812461
2008-10-29,2008,minutes,unemployment,6,0.0007536741615374953
2008-10-29,2008,minutes,labor market,4,0.0005024494410249969
2008-10-29,2008,minutes,risks,11,0.0013817359628187414
2008-10-29,2008,minutes,uncertainty,3,0.00037683708076874763
2008-10-29,2008,minutes,financial conditions,7,0.0008792865217937445
2008-10-29,2008,minutes,growth,30,0.0037683708076874764
2008-10-29,2008,minutes,recession,0,0.0
2008-12-16,2008,minutes,inflation,30,0.003972983710766786
2008-12-16,2008,minutes,employment,8,0.001059462322871143
2008-12-16,2008,minutes,unemployment,8,0.001059462322871143
2008-12-16,2008,minutes,labor market,6,0.0007945967421533572
2008-12-16,2008,minutes,risks,5,0.0006621639517944643
2008-12-16,2008,minutes,uncertainty,4,0.0005297311614355715
2008-12-16,2008,minutes,financial conditions,5,0.0006621639517944643
2008-12-16,2008,minutes,growth,10,0.0013243279035889286
2008-12-16,2008,minutes,recession,2,0.00026486558071778574
2009-01-28,2009,minutes,inflation,39,0.0035994462390401476
2009-01-28,2009,minutes,employment,10,0.0009229349330872173
2009-01-28,2009,minutes,unemployment,4,0.0003691739732348869
2009-01-28,2009,minutes,labor market,3,0.0002768804799261652
2009-01-28,2009,minutes,risks,2,0.00018458698661744346
2009-01-28,2009,minutes,uncertainty,2,0.00018458698661744346
2009-01-28,2009,minutes,financial conditions,8,0.0007383479464697738
2009-01-28,2009,minutes,growth,13,0.0011998154130133825
2009-01-28,2009,minutes,recession,0,0.0
2009-03-18,2009,minutes,inflation,18,0.002565564424173318
2009-03-18,2009,minutes,employment,8,0.0011402508551881414
2009-03-18,2009,minutes,unemployment,5,0.0007126567844925884
2009-03-18,2009,minutes,labor market,2,0.00028506271379703536
2009-03-18,2009,minutes,risks,3,0.00042759407069555304
2009-03-18,2009,minutes,uncertainty,3,0.00042759407069555304
2009-03-18,2009,minutes,financial conditions,7,0.0009977194982896237
2009-03-18,2009,minutes,growth,9,0.001282782212086659
2009-03-18,2009,minutes,recession,1,0.00014253135689851768
2009-04-29,2009,minutes,inflation,19,0.0028866605894864784
2009-04-29,2009,minutes,employment,4,0.0006077180188392585
2009-04-29,2009,minutes,unemployment,9,0.0013673655423883319
2009-04-29,2009,minutes,labor market,4,0.0006077180188392585
2009-04-29,2009,minutes,risks,3,0.00045578851412944393
2009-04-29,2009,minutes,uncertainty,1,0.00015192950470981463
2009-04-29,2009,minutes,financial conditions,4,0.0006077180188392585
2009-04-29,2009,minutes,growth,10,0.0015192950470981465
2009-04-29,2009,minutes,recession,0,0.0
2009-06-24,2009,minutes,inflation,31,0.0037389940899770838
2009-06-24,2009,minutes,employment,10,0.0012061271257990593
2009-06-24,2009,minutes,unemployment,14,0.001688577976118683
2009-06-24,2009,minutes,labor market,6,0.0007236762754794355
2009-06-24,2009,minutes,risks,2,0.00024122542515981184
2009-06-24,2009,minutes,uncertainty,4,0.0004824508503196237
2009-06-24,2009,minutes,financial conditions,5,0.0006030635628995297
2009-06-24,2009,minutes,growth,15,0.0018091906886985888
2009-06-24,2009,minutes,recession,2,0.00024122542515981184
2009-08-12,2009,minutes,inflation,24,0.0034134547006115772
2009-08-12,2009,minutes,employment,9,0.0012800455127293415
2009-08-12,2009,minutes,unemployment,6,0.0008533636751528943
2009-08-12,2009,minutes,labor market,5,0.0007111363959607452
2009-08-12,2009,minutes,risks,3,0.00042668183757644715
2009-08-12,2009,minutes,uncertainty,2,0.0002844545583842981
2009-08-12,2009,minutes,financial conditions,2,0.0002844545583842981
2009-08-12,2009,minutes,growth,15,0.002133409187882236
2009-08-12,2009,minutes,recession,1,0.00014222727919214906
2009-09-23,2009,minutes,inflation,35,0.004630854723471818
2009-09-23,2009,minutes,employment,9,0.0011907912146070388
2009-09-23,2009,minutes,unemployment,10,0.0013231013495633766
2009-09-23,2009,minutes,labor market,3,0.00039693040486901297
2009-09-23,2009,minutes,risks,6,0.0007938608097380259
2009-09-23,2009,minutes,uncertainty,4,0.0005292405398253506
2009-09-23,2009,minutes,financial conditions,6,0.0007938608097380259
2009-09-23,2009,minutes,growth,22,0.0029108229690394285
2009-09-23,2009,minutes,recession,1,0.00013231013495633765
2009-11-04,2009,minutes,inflation,33,0.004662333992653292
2009-11-04,2009,minutes,employment,6,0.0008476970895733258
2009-11-04,2009,minutes,unemployment,9,0.0012715456343599886
2009-11-04,2009,minutes,labor market,8,0.0011302627860977678
2009-11-04,2009,minutes,risks,6,0.0008476970895733258
2009-11-04,2009,minutes,uncertainty,3,0.0004238485447866629
2009-11-04,2009,minutes,financial conditions,3,0.0004238485447866629
2009-11-04,2009,minutes,growth,21,0.00296693981350664
2009-11-04,2009,minutes,recession,0,0.0
2009-12-16,2009,minutes,inflation,53,0.006604361370716511
2009-12-16,2009,minutes,employment,12,0.0014953271028037382
2009-12-16,2009,minutes,unemployment,10,0.0012461059190031153
2009-12-16,2009,minutes,labor market,5,0.0006230529595015577
2009-12-16,2009,minutes,risks,6,0.0007476635514018691
2009-12-16,2009,minutes,uncertainty,1,0.00012461059190031152
2009-12-16,2009,minutes,financial conditions,4,0.0004984423676012461
2009-12-16,2009,minutes,growth,27,0.0033644859813084112
2009-12-16,2009,minutes,recession,2,0.00024922118380062304
2010-01-27,2010,minutes,inflation,45,0.003971055418284504
2010-01-27,2010,minutes,employment,4,0.00035298270384751147
2010-01-27,2010,minutes,unemployment,15,0.001323685139428168
2010-01-27,2010,minutes,labor market,7,0.0006177197317331451
2010-01-27,2010,minutes,risks,5,0.00044122837980938934
2010-01-27,2010,minutes,uncertainty,2,0.00017649135192375574
2010-01-27,2010,minutes,financial conditions,9,0.0007942110836569008
2010-01-27,2010,minutes,growth,34,0.0030003529827038475
2010-01-27,2010,minutes,recession,2,0.00017649135192375574
2010-03-16,2010,minutes,inflation,39,0.0058576148993691795
2010-03-16,2010,minutes,employment,5,0.0007509762691498949
2010-03-16,2010,minutes,unemployment,7,0.0010513667768098527
2010-03-16,2010,minutes,labor market,7,0.0010513667768098527
2010-03-16,2010,minutes,risks,5,0.0007509762691498949
2010-03-16,2010,minutes,uncertainty,1,0.00015019525382997898
2010-03-16,2010,minutes,financial conditions,3,0.0004505857614899369
2010-03-16,2010,minutes,growth,13,0.0019525382997897267
2010-03-16,2010,minutes,recession,0,0.0
2010-04-28,2010,minutes,inflation,48,0.006755805770584096
2010-04-28,2010,minutes,employment,8,0.0011259676284306826
2010-04-28,2010,minutes,unemployment,11,0.0015482054890921886
2010-04-28,2010,minutes,labor market,8,0.0011259676284306826
2010-04-28,2010,minutes,risks,6,0.000844475721323012
2010-04-28,2010,minutes,uncertainty,1,0.00014074595355383532
2010-04-28,2010,minutes,financial conditions,4,0.0005629838142153413
2010-04-28,2010,minutes,growth,19,0.0026741731175228714
2010-04-28,2010,minutes,recession,1,0.00014074595355383532
2010-06-23,2010,minutes,inflation,46,0.005771643663739021
2010-06-23,2010,minutes,employment,10,0.0012547051442910915
2010-06-23,2010,minutes,unemployment,11,0.0013801756587202008
2010-06-23,2010,minutes,labor market,5,0.0006273525721455458
2010-06-23,2010,minutes,risks,8,0.0010037641154328732
2010-06-23,2010,minutes,uncertainty,2,0.0002509410288582183
2010-06-23,2010,minutes,financial conditions,10,0.0012547051442910915
2010-06-23,2010,minutes,growth,18,0.002258469259723965
2010-06-23,2010,minutes,recession,0,0.0
2010-08-10,2010,minutes,inflation,27,0.004
2010-08-10,2010,minutes,employment,18,0.0026666666666666666
2010-08-10,2010,minutes,unemployment,6,0.0008888888888888889
2010-08-10,2010,minutes,labor market,1,0.00014814814814814815
2010-08-10,2010,minutes,risks,4,0.0005925925925925926
2010-08-10,2010,minutes,uncertainty,3,0.00044444444444444447
2010-08-10,2010,minutes,financial conditions,7,0.001037037037037037
2010-08-10,2010,minutes,growth,29,0.004296296296296296
2010-08-10,2010,minutes,recession,2,0.0002962962962962963
2010-09-21,2010,minutes,inflation,37,0.006069553805774278
2010-09-21,2010,minutes,employment,13,0.00213254593175853
2010-09-21,2010,minutes,unemployment,12,0.001968503937007874
2010-09-21,2010,minutes,labor market,2,0.00032808398950131233
2010-09-21,2010,minutes,risks,0,0.0
2010-09-21,2010,minutes,uncertainty,3,0.0004921259842519685
2010-09-21,2010,minutes,financial conditions,7,0.0011482939632545932
2010-09-21,2010,minutes,growth,11,0.0018044619422572178
2010-09-21,2010,minutes,recession,4,0.0006561679790026247
2010-11-03,2010,minutes,inflation,43,0.006049521665728756
2010-11-03,2010,minutes,employment,17,0.0023916713562183453
2010-11-03,2010,minutes,unemployment,19,0.0026730444569499157
2010-11-03,2010,minutes,labor market,1,0.00014068655036578504
2010-11-03,2010,minutes,risks,9,0.0012661789532920653
2010-11-03,2010,minutes,uncertainty,3,0.0004220596510973551
2010-11-03,2010,minutes,financial conditions,6,0.0008441193021947102
2010-11-03,2010,minutes,growth,23,0.0032357906584130555
2010-11-03,2010,minutes,recession,2,0.0002813731007315701
2010-12-14,2010,minutes,inflation,37,0.005494505494505495
2010-12-14,2010,minutes,employment,13,0.0019305019305019305
2010-12-14,2010,minutes,unemployment,11,0.0016335016335016334
2010-12-14,2010,minutes,labor market,2,0.000297000297000297
2010-12-14,2010,minutes,risks,5,0.0007425007425007425
2010-12-14,2010,minutes,uncertainty,0,0.0
2010-12-14,2010,minutes,financial conditions,1,0.0001485001485001485
2010-12-14,2010,minutes,growth,12,0.001782001782001782
2010-12-14,2010,minutes,recession,0,0.0
2011-01-26,2011,minutes,inflation,47,0.004483449394257369
2011-01-26,2011,minutes,employment,12,0.0011447104836401793
2011-01-26,2011,minutes,unemployment,21,0.002003243346370314
2011-01-26,2011,minutes,labor market,7,0.000667747782123438
2011-01-26,2011,minutes,risks,7,0.000667747782123438
2011-01-26,2011,minutes,uncertainty,1,9.539254030334828e-05
2011-01-26,2011,minutes,financial conditions,2,0.00019078508060669657
2011-01-26,2011,minutes,growth,20,0.0019078508060669656
2011-01-26,2011,minutes,recession,1,9.539254030334828e-05
2011-03-15,2011,minutes,inflation,73,0.010703812316715543
2011-03-15,2011,minutes,employment,11,0.0016129032258064516
2011-03-15,2011,minutes,unemployment,10,0.001466275659824047
2011-03-15,2011,minutes,labor market,11,0.0016129032258064516
2011-03-15,2011,minutes,risks,9,0.0013196480938416422
2011-03-15,2011,minutes,uncertainty,2,0.0002932551319648094
2011-03-15,2011,minutes,financial conditions,1,0.0001466275659824047
2011-03-15,2011,minutes,growth,13,0.001906158357771261
2011-03-15,2011,minutes,recession,2,0.0002932551319648094
2011-04-27,2011,minutes,inflation,79,0.010115236875800257
2011-04-27,2011,minutes,employment,9,0.0011523687580025609
2011-04-27,2011,minutes,unemployment,11,0.0014084507042253522
2011-04-27,2011,minutes,labor market,6,0.0007682458386683739
2011-04-27,2011,minutes,risks,12,0.0015364916773367477
2011-04-27,2011,minutes,uncertainty,0,0.0
2011-04-27,2011,minutes,financial conditions,6,0.0007682458386683739
2011-04-27,2011,minutes,growth,17,0.002176696542893726
2011-04-27,2011,minutes,recession,2,0.00025608194622279127
2011-06-22,2011,minutes,inflation,61,0.008113860069167332
2011-06-22,2011,minutes,employment,9,0.0011971268954509178
2011-06-22,2011,minutes,unemployment,15,0.0019952114924181963
2011-06-22,2011,minutes,labor market,6,0.0007980845969672786
2011-06-22,2011,minutes,risks,4,0.0005320563979781857
2011-06-22,2011,minutes,uncertainty,4,0.0005320563979781857
2011-06-22,2011,minutes,financial conditions,2,0.00026602819898909286
2011-06-22,2011,minutes,growth,19,0.002527267890396382
2011-06-22,2011,minutes,recession,1,0.00013301409949454643
2011-08-09,2011,minutes,inflation,31,0.004629629629629629
2011-08-09,2011,minutes,employment,12,0.0017921146953405018
2011-08-09,2011,minutes,unemployment,15,0.002240143369175627
2011-08-09,2011,minutes,labor market,6,0.0008960573476702509
2011-08-09,2011,minutes,risks,5,0.0007467144563918758
2011-08-09,2011,minutes,uncertainty,7,0.001045400238948626
2011-08-09,2011,minutes,financial conditions,3,0.00044802867383512545
2011-08-09,2011,minutes,growth,24,0.0035842293906810036
2011-08-09,2011,minutes,recession,2,0.0002986857825567503
2011-09-21,2011,minutes,inflation,47,0.00554703174790511
2011-09-21,2011,minutes,employment,9,0.0010621975687477871
2011-09-21,2011,minutes,unemployment,16,0.0018883512333293993
2011-09-21,2011,minutes,labor market,8,0.0009441756166646997
2011-09-21,2011,minutes,risks,10,0.0011802195208308745
2011-09-21,2011,minutes,uncertainty,9,0.0010621975687477871
2011-09-21,2011,minutes,financial conditions,7,0.0008261536645816122
2011-09-21,2011,minutes,growth,31,0.003658680514575711
2011-09-21,2011,minutes,recession,1,0.00011802195208308746
2011-11-02,2011,minutes,inflation,49,0.0063266623628147195
2011-11-02,2011,minutes,employment,12,0.0015493867010974822
2011-11-02,2011,minutes,unemployment,18,0.0023240800516462234
2011-11-02,2011,minutes,labor market,5,0.0006455777921239509
2011-11-02,2011,minutes,risks,11,0.001420271142672692
2011-11-02,2011,minutes,uncertainty,2,0.0002582311168495804
2011-11-02,2011,minutes,financial conditions,1,0.0001291155584247902
2011-11-02,2011,minutes,growth,31,0.004002582311168496
2011-11-02,2011,minutes,recession,1,0.0001291155584247902
2011-12-13,2011,minutes,inflation,35,0.004560854834506124
2011-12-13,2011,minutes,employment,9,0.0011727912431587178
2011-12-13,2011,minutes,unemployment,20,0.0026062027625749283
2011-12-13,2011,minutes,labor market,10,0.0013031013812874641
2011-12-13,2011,minutes,risks,7,0.0009121709669012249
2011-12-13,2011,minutes,uncertainty,4,0.0005212405525149857
2011-12-13,2011,minutes,financial conditions,3,0.00039093041438623924
2011-12-13,2011,minutes,growth,11,0.0014334115194162107
2011-12-13,2011,minutes,recession,1,0.00013031013812874641
2012-01-25,2012,minutes,inflation,48,0.004433361041839845
2012-01-25,2012,minutes,employment,16,0.0014777870139466149
2012-01-25,2012,minutes,unemployment,27,0.0024937655860349127
2012-01-25,2012,minutes,labor market,9,0.0008312551953449709
2012-01-25,2012,minutes,risks,5,0.00046180844185831715
2012-01-25,2012,minutes,uncertainty,4,0.0003694467534866537
2012-01-25,2012,minutes,financial conditions,5,0.00046180844185831715
2012-01-25,2012,minutes,growth,34,0.0031402974046365567
2012-01-25,2012,minutes,recession,2,0.00018472337674332686
2012-03-13,2012,minutes,inflation,42,0.006464522087117131
2012-03-13,2012,minutes,employment,15,0.0023087578882561182
2012-03-13,2012,minutes,unemployment,18,0.0027705094659073418
2012-03-13,2012,minutes,labor market,11,0.0016930891180544866
2012-03-13,2012,minutes,risks,7,0.0010774203478528552
2012-03-13,2012,minutes,uncertainty,3,0.00046175157765122367
2012-03-13,2012,minutes,financial conditions,6,0.0009235031553024473
2012-03-13,2012,minutes,growth,24,0.0036940126212097893
2012-03-13,2012,minutes,recession,3,0.00046175157765122367
2012-04-25,2012,minutes,inflation,38,0.005285118219749653
2012-04-25,2012,minutes,employment,9,0.0012517385257301808
2012-04-25,2012,minutes,unemployment,25,0.0034770514603616135
2012-04-25,2012,minutes,labor market,6,0.0008344923504867872
2012-04-25,2012,minutes,risks,12,0.0016689847009735744
2012-04-25,2012,minutes,uncertainty,6,0.0008344923504867872
2012-04-25,2012,minutes,financial conditions,3,0.0004172461752433936
2012-04-25,2012,minutes,growth,21,0.0029207232267037552
2012-04-25,2012,minutes,recession,0,0.0
2012-06-20,2012,minutes,inflation,55,0.0067617408409146795
2012-06-20,2012,minutes,employment,16,0.001967051880993361
2012-06-20,2012,minutes,unemployment,22,0.0027046963363658717
2012-06-20,2012,minutes,labor market,5,0.0006147037128104253
2012-06-20,2012,minutes,risks,16,0.001967051880993361
2012-06-20,2012,minutes,uncertainty,4,0.0004917629702483403
2012-06-20,2012,minutes,financial conditions,6,0.0007376444553725104
2012-06-20,2012,minutes,growth,37,0.004548807474797148
2012-06-20,2012,minutes,recession,0,0.0
2012-08-01,2012,minutes,inflation,37,0.005067798931653198
2012-08-01,2012,minutes,employment,12,0.0016436104643199562
2012-08-01,2012,minutes,unemployment,13,0.001780578003013286
2012-08-01,2012,minutes,labor market,5,0.0006848376934666484
2012-08-01,2012,minutes,risks,7,0.0009587727708533077
2012-08-01,2012,minutes,uncertainty,9,0.0012327078482399672
2012-08-01,2012,minutes,financial conditions,3,0.00041090261607998904
2012-08-01,2012,minutes,growth,16,0.002191480619093275
2012-08-01,2012,minutes,recession,3,0.00041090261607998904
2012-09-13,2012,minutes,inflation,36,0.004700352526439483
2012-09-13,2012,minutes,employment,14,0.0018279148713931323
2012-09-13,2012,minutes,unemployment,18,0.0023501762632197414
2012-09-13,2012,minutes,labor market,10,0.0013056534795665231
2012-09-13,2012,minutes,risks,16,0.002089045567306437
2012-09-13,2012,minutes,uncertainty,7,0.0009139574356965661
2012-09-13,2012,minutes,financial conditions,9,0.0011750881316098707
2012-09-13,2012,minutes,growth,29,0.0037863950907429168
2012-09-13,2012,minutes,recession,1,0.0001305653479566523
2012-10-24,2012,minutes,inflation,35,0.005199049316696376
2012-10-24,2012,minutes,employment,9,0.001336898395721925
2012-10-24,2012,minutes,unemployment,14,0.0020796197266785502
2012-10-24,2012,minutes,labor market,9,0.001336898395721925
2012-10-24,2012,minutes,risks,5,0.0007427213309566251
2012-10-24,2012,minutes,uncertainty,5,0.0007427213309566251
2012-10-24,2012,minutes,financial conditions,12,0.0017825311942959
2012-10-24,2012,minutes,growth,17,0.0025252525252525255
2012-10-24,2012,minutes,recession,0,0.0
2012-12-12,2012,minutes,inflation,41,0.005312945445121161
2012-12-12,2012,minutes,employment,16,0.0020733445639497215
2012-12-12,2012,minutes,unemployment,21,0.0027212647401840093
2012-12-12,2012,minutes,labor market,9,0.0011662563172217184
2012-12-12,2012,minutes,risks,8,0.0010366722819748608
2012-12-12,2012,minutes,uncertainty,10,0.001295840352468576
2012-12-12,2012,minutes,financial conditions,8,0.0010366722819748608
2012-12-12,2012,minutes,growth,21,0.0027212647401840093
2012-12-12,2012,minutes,recession,1,0.0001295840352468576
2013-01-30,2013,minutes,inflation,39,0.00351985559566787
2013-01-30,2013,minutes,employment,25,0.002256317689530686
2013-01-30,2013,minutes,unemployment,20,0.0018050541516245488
2013-01-30,2013,minutes,labor market,11,0.0009927797833935018
2013-01-30,2013,minutes,risks,14,0.001263537906137184
2013-01-30,2013,minutes,uncertainty,3,0.0002707581227436823
2013-01-30,2013,minutes,financial conditions,7,0.000631768953068592
2013-01-30,2013,minutes,growth,34,0.0030685920577617327
2013-01-30,2013,minutes,recession,0,0.0
2013-03-20,2013,minutes,inflation,38,0.005158837903882704
2013-03-20,2013,minutes,employment,14,0.0019006244909041542
2013-03-20,2013,minutes,unemployment,18,0.0024436600597339125
2013-03-20,2013,minutes,labor market,13,0.0017648655986967146
2013-03-20,2013,minutes,risks,27,0.003665490089600869
2013-03-20,2013,minutes,uncertainty,3,0.00040727667662231876
2013-03-20,2013,minutes,financial conditions,5,0.0006787944610371979
2013-03-20,2013,minutes,growth,17,0.002307901167526473
2013-03-20,2013,minutes,recession,0,0.0
2013-05-01,2013,minutes,inflation,39,0.0055658627087198514
2013-05-01,2013,minutes,employment,13,0.0018552875695732839
2013-05-01,2013,minutes,unemployment,18,0.0025688597117168544
2013-05-01,2013,minutes,labor market,15,0.0021407164264307123
2013-05-01,2013,minutes,risks,11,0.0015698587127158557
2013-05-01,2013,minutes,uncertainty,5,0.0007135721421435707
2013-05-01,2013,minutes,financial conditions,8,0.0011417154274297131
2013-05-01,2013,minutes,growth,26,0.0037105751391465678
2013-05-01,2013,minutes,recession,1,0.00014271442842871414
2013-06-19,2013,minutes,inflation,50,0.00602990834539315
2013-06-19,2013,minutes,employment,14,0.001688374336710082
2013-06-19,2013,minutes,unemployment,20,0.00241196333815726
2013-06-19,2013,minutes,labor market,27,0.003256150506512301
2013-06-19,2013,minutes,risks,11,0.001326579835986493
2013-06-19,2013,minutes,uncertainty,4,0.000482392667631452
2013-06-19,2013,minutes,financial conditions,6,0.000723589001447178
2013-06-19,2013,minutes,growth,22,0.002653159671972986
2013-06-19,2013,minutes,recession,2,0.000241196333815726
2013-07-31,2013,minutes,inflation,47,0.006440120580981091
2013-07-31,2013,minutes,employment,17,0.0023294053165250754
2013-07-31,2013,minutes,unemployment,21,0.0028775006851192108
2013-07-31,2013,minutes,labor market,16,0.0021923814743765417
2013-07-31,2013,minutes,risks,7,0.0009591668950397369
2013-07-31,2013,minutes,uncertainty,4,0.0005480953685941354
2013-07-31,2013,minutes,financial conditions,4,0.0005480953685941354
2013-07-31,2013,minutes,growth,31,0.004247739106604549
2013-07-31,2013,minutes,recession,3,0.0004110715264456015
2013-09-18,2013,minutes,inflation,38,0.004541651727022828
2013-09-18,2013,minutes,employment,14,0.0016732401099557787
2013-09-18,2013,minutes,unemployment,22,0.002629377315644795
2013-09-18,2013,minutes,labor market,27,0.0032269630692004303
2013-09-18,2013,minutes,risks,13,0.0015537229592446516
2013-09-18,2013,minutes,uncertainty,7,0.0008366200549778894
2013-09-18,2013,minutes,financial conditions,14,0.0016732401099557787
2013-09-18,2013,minutes,growth,20,0.0023903430142225407
2013-09-18,2013,minutes,recession,1,0.00011951715071112705
2013-10-30,2013,minutes,inflation,36,0.004640371229698376
2013-10-30,2013,minutes,employment,13,0.0016756896107244135
2013-10-30,2013,minutes,unemployment,19,0.0024490848156741426
2013-10-30,2013,minutes,labor market,22,0.0028357824181490074
2013-10-30,2013,minutes,risks,10,0.001288992008249549
2013-10-30,2013,minutes,uncertainty,3,0.0003866976024748647
2013-10-30,2013,minutes,financial conditions,7,0.0009022944057746842
2013-10-30,2013,minutes,growth,27,0.0034802784222737818
2013-10-30,2013,minutes,recession,0,0.0
2013-12-18,2013,minutes,inflation,67,0.007504480286738351
2013-12-18,2013,minutes,employment,18,0.0020161290322580645
2013-12-18,2013,minutes,unemployment,30,0.003360215053763441
2013-12-18,2013,minutes,labor market,31,0.003472222222222222
2013-12-18,2013,minutes,risks,20,0.002240143369175627
2013-12-18,2013,minutes,uncertainty,4,0.00044802867383512545
2013-12-18,2013,minutes,financial conditions,7,0.0007840501792114696
2013-12-18,2013,minutes,growth,24,0.002688172043010753
2013-12-18,2013,minutes,recession,3,0.0003360215053763441
2014-01-29,2014,minutes,inflation,62,0.005131600728356232
2014-01-29,2014,minutes,employment,20,0.0016553550736633008
2014-01-29,2014,minutes,unemployment,27,0.002234729349445456
2014-01-29,2014,minutes,labor market,28,0.002317497103128621
2014-01-29,2014,minutes,risks,16,0.0013242840589306405
2014-01-29,2014,minutes,uncertainty,3,0.00024830326104949513
2014-01-29,2014,minutes,financial conditions,6,0.0004966065220989903
2014-01-29,2014,minutes,growth,27,0.002234729349445456
2014-01-29,2014,minutes,recession,1,8.276775368316503e-05
2014-03-19,2014,minutes,inflation,64,0.007587433313574392
2014-03-19,2014,minutes,employment,28,0.0033195020746887966
2014-03-19,2014,minutes,unemployment,33,0.003912270302311796
2014-03-19,2014,minutes,labor market,28,0.0033195020746887966
2014-03-19,2014,minutes,risks,9,0.0010669828097213988
2014-03-19,2014,minutes,uncertainty,5,0.0005927682276229994
2014-03-19,2014,minutes,financial conditions,11,0.0013040901007705986
2014-03-19,2014,minutes,growth,48,0.005690574985180794
2014-03-19,2014,minutes,recession,0,0.0
2014-04-30,2014,minutes,inflation,50,0.00725268349289237
2014-04-30,2014,minutes,employment,14,0.0020307513780098638
2014-04-30,2014,minutes,unemployment,19,0.0027560197272991005
2014-04-30,2014,minutes,labor market,19,0.0027560197272991005
2014-04-30,2014,minutes,risks,12,0.0017406440382941688
2014-04-30,2014,minutes,uncertainty,1,0.0001450536698578474
2014-04-30,2014,minutes,financial conditions,4,0.0005802146794313896
2014-04-30,2014,minutes,growth,23,0.0033362344067304904
2014-04-30,2014,minutes,recession,2,0.0002901073397156948
2014-06-18,2014,minutes,inflation,72,0.008271108558299827
2014-06-18,2014,minutes,employment,18,0.002067777139574957
2014-06-18,2014,minutes,unemployment,22,0.002527283170591614
2014-06-18,2014,minutes,labor market,24,0.0027570361860999423
2014-06-18,2014,minutes,risks,14,0.0016082711085582998
2014-06-18,2014,minutes,uncertainty,7,0.0008041355542791499
2014-06-18,2014,minutes,financial conditions,6,0.0006892590465249856
2014-06-18,2014,minutes,growth,29,0.0033314187248707637
2014-06-18,2014,minutes,recession,0,0.0
2014-07-30,2014,minutes,inflation,59,0.007249047794569357
2014-07-30,2014,minutes,employment,16,0.001965843469713724
2014-07-30,2014,minutes,unemployment,21,0.002580169553999263
2014-07-30,2014,minutes,labor market,42,0.005160339107998526
2014-07-30,2014,minutes,risks,16,0.001965843469713724
2014-07-30,2014,minutes,uncertainty,2,0.0002457304337142155
2014-07-30,2014,minutes,financial conditions,3,0.00036859565057132326
2014-07-30,2014,minutes,growth,19,0.0023344391202850473
2014-07-30,2014,minutes,recession,0,0.0
2014-09-17,2014,minutes,inflation,76,0.008218881799502541
2014-09-17,2014,minutes,employment,25,0.0027035795393100465
2014-09-17,2014,minutes,unemployment,21,0.002271006813020439
2014-09-17,2014,minutes,labor market,30,0.003244295447172056
2014-09-17,2014,minutes,risks,9,0.0009732886341516167
2014-09-17,2014,minutes,uncertainty,3,0.0003244295447172056
2014-09-17,2014,minutes,financial conditions,5,0.0005407159078620093
2014-09-17,2014,minutes,growth,21,0.002271006813020439
2014-09-17,2014,minutes,recession,2,0.00021628636314480372
2014-10-29,2014,minutes,inflation,72,0.008522727272727272
2014-10-29,2014,minutes,employment,21,0.0024857954545454545
2014-10-29,2014,minutes,unemployment,13,0.0015388257575757575
2014-10-29,2014,minutes,labor market,19,0.0022490530303030305
2014-10-29,2014,minutes,risks,11,0.0013020833333333333
2014-10-29,2014,minutes,uncertainty,3,0.0003551136363636364
2014-10-29,2014,minutes,financial conditions,7,0.0008285984848484849
2014-10-29,2014,minutes,growth,25,0.002959280303030303
2014-10-29,2014,minutes,recession,0,0.0
2014-12-17,2014,minutes,inflation,85,0.011031797534068787
2014-12-17,2014,minutes,employment,23,0.0029850746268656717
2014-12-17,2014,minutes,unemployment,12,0.0015574302401038286
2014-12-17,2014,minutes,labor market,23,0.0029850746268656717
2014-12-17,2014,minutes,risks,8,0.0010382868267358857
2014-12-17,2014,minutes,uncertainty,1,0.00012978585334198572
2014-12-17,2014,minutes,financial conditions,4,0.0005191434133679429
2014-12-17,2014,minutes,growth,24,0.003114860480207657
2014-12-17,2014,minutes,recession,1,0.00012978585334198572
2015-01-28,2015,minutes,inflation,99,0.006825232678386763
2015-01-28,2015,minutes,employment,29,0.001999310582557739
2015-01-28,2015,minutes,unemployment,14,0.0009651844191658049
2015-01-28,2015,minutes,labor market,26,0.001792485349879352
2015-01-28,2015,minutes,risks,25,0.001723543605653223
2015-01-28,2015,minutes,uncertainty,3,0.00020682523267838676
2015-01-28,2015,minutes,financial conditions,6,0.0004136504653567735
2015-01-28,2015,minutes,growth,29,0.001999310582557739
2015-01-28,2015,minutes,recession,0,0.0
2015-03-18,2015,minutes,inflation,67,0.007715338553661907
2015-03-18,2015,minutes,employment,20,0.0023030861354214646
2015-03-18,2015,minutes,unemployment,11,0.0012666973744818056
2015-03-18,2015,minutes,labor market,28,0.0032243205895900505
2015-03-18,2015,minutes,risks,11,0.0012666973744818056
2015-03-18,2015,minutes,uncertainty,2,0.00023030861354214648
2015-03-18,2015,minutes,financial conditions,4,0.00046061722708429296
2015-03-18,2015,minutes,growth,30,0.003454629203132197
2015-03-18,2015,minutes,recession,1,0.00011515430677107324
2015-04-29,2015,minutes,inflation,69,0.008904374758033295
2015-04-29,2015,minutes,employment,16,0.0020647825525874305
2015-04-29,2015,minutes,unemployment,9,0.0011614401858304297
2015-04-29,2015,minutes,labor market,27,0.003484320557491289
2015-04-29,2015,minutes,risks,14,0.0018066847335140017
2015-04-29,2015,minutes,uncertainty,2,0.0002580978190734288
2015-04-29,2015,minutes,financial conditions,5,0.0006452445476835721
2015-04-29,2015,minutes,growth,37,0.004774809652858434
2015-04-29,2015,minutes,recession,2,0.0002580978190734288
2015-06-17,2015,minutes,inflation,70,0.008525149190110827
2015-06-17,2015,minutes,employment,20,0.002435756911460236
2015-06-17,2015,minutes,unemployment,10,0.001217878455730118
2015-06-17,2015,minutes,labor market,35,0.004262574595055414
2015-06-17,2015,minutes,risks,5,0.000608939227865059
2015-06-17,2015,minutes,uncertainty,3,0.00036536353671903543
2015-06-17,2015,minutes,financial conditions,3,0.00036536353671903543
2015-06-17,2015,minutes,growth,25,0.003044696139325295
2015-06-17,2015,minutes,recession,1,0.00012178784557301182
2015-07-29,2015,minutes,inflation,72,0.008387698042870456
2015-07-29,2015,minutes,employment,17,0.0019804287045666357
2015-07-29,2015,minutes,unemployment,12,0.0013979496738117428
2015-07-29,2015,minutes,labor market,34,0.0039608574091332715
2015-07-29,2015,minutes,risks,16,0.001863932898415657
2015-07-29,2015,minutes,uncertainty,5,0.0005824790307548928
2015-07-29,2015,minutes,financial conditions,6,0.0006989748369058714
2015-07-29,2015,minutes,growth,19,0.002213420316868593
2015-07-29,2015,minutes,recession,2,0.00023299161230195712
2015-09-17,2015,minutes,inflation,91,0.011956378925239784
2015-09-17,2015,minutes,employment,18,0.002364998029168309
2015-09-17,2015,minutes,unemployment,13,0.001708054132177112
2015-09-17,2015,minutes,labor market,25,0.003284719484955985
2015-09-17,2015,minutes,risks,14,0.0018394429115753514
2015-09-17,2015,minutes,uncertainty,3,0.00039416633819471815
2015-09-17,2015,minutes,financial conditions,6,0.0007883326763894363
2015-09-17,2015,minutes,growth,24,0.0031533307055577452
2015-09-17,2015,minutes,recession,0,0.0
2015-10-28,2015,minutes,inflation,76,0.009236752552260573
2015-10-28,2015,minutes,employment,22,0.00267379679144385
2015-10-28,2015,minutes,unemployment,10,0.0012153621779290229
2015-10-28,2015,minutes,labor market,34,0.004132231404958678
2015-10-28,2015,minutes,risks,13,0.0015799708313077297
2015-10-28,2015,minutes,uncertainty,5,0.0006076810889645114
2015-10-28,2015,minutes,financial conditions,6,0.0007292173067574137
2015-10-28,2015,minutes,growth,28,0.003403014098201264
2015-10-28,2015,minutes,recession,1,0.00012153621779290228
2015-12-16,2015,minutes,inflation,87,0.011198352426309692
2015-12-16,2015,minutes,employment,12,0.0015446003346634059
2015-12-16,2015,minutes,unemployment,12,0.0015446003346634059
2015-12-16,2015,minutes,labor market,27,0.0034753507529926633
2015-12-16,2015,minutes,risks,19,0.0024456171965503925
2015-12-16,2015,minutes,uncertainty,6,0.0007723001673317029
2015-12-16,2015,minutes,financial conditions,3,0.00038615008366585146
2015-12-16,2015,minutes,growth,17,0.002188183807439825
2015-12-16,2015,minutes,recession,0,0.0
2016-01-27,2016,minutes,inflation,100,0.007279609812914028
2016-01-27,2016,minutes,employment,20,0.0014559219625828056
2016-01-27,2016,minutes,unemployment,10,0.0007279609812914028
2016-01-27,2016,minutes,labor market,29,0.002111086845745068
2016-01-27,2016,minutes,risks,20,0.0014559219625828056
2016-01-27,2016,minutes,uncertainty,19,0.0013831258644536654
2016-01-27,2016,minutes,financial conditions,7,0.000509572686903982
2016-01-27,2016,minutes,growth,29,0.002111086845745068
2016-01-27,2016,minutes,recession,0,0.0
2016-03-16,2016,minutes,inflation,72,0.009122006841505131
2016-03-16,2016,minutes,employment,14,0.0017737235525148865
2016-03-16,2016,minutes,unemployment,10,0.0012669453946534905
2016-03-16,2016,minutes,labor market,27,0.0034207525655644243
2016-03-16,2016,minutes,risks,21,0.0026605853287723297
2016-03-16,2016,minutes,uncertainty,1,0.00012669453946534905
2016-03-16,2016,minutes,financial conditions,9,0.0011402508551881414
2016-03-16,2016,minutes,growth,36,0.004561003420752566
2016-03-16,2016,minutes,recession,3,0.0003800836183960471
2016-04-27,2016,minutes,inflation,70,0.007407407407407408
2016-04-27,2016,minutes,employment,12,0.0012698412698412698
2016-04-27,2016,minutes,unemployment,8,0.0008465608465608466
2016-04-27,2016,minutes,labor market,32,0.0033862433862433864
2016-04-27,2016,minutes,risks,30,0.0031746031746031746
2016-04-27,2016,minutes,uncertainty,2,0.00021164021164021165
2016-04-27,2016,minutes,financial conditions,9,0.0009523809523809524
2016-04-27,2016,minutes,growth,46,0.004867724867724868
2016-04-27,2016,minutes,recession,0,0.0
2016-06-15,2016,minutes,inflation,76,0.008958038661008957
2016-06-15,2016,minutes,employment,23,0.0027109853842527108
2016-06-15,2016,minutes,unemployment,14,0.0016501650165016502
2016-06-15,2016,minutes,labor market,41,0.004832626119754832
2016-06-15,2016,minutes,risks,13,0.0015322960867515322
2016-06-15,2016,minutes,uncertainty,8,0.000942951438000943
2016-06-15,2016,minutes,financial conditions,5,0.0005893446487505894
2016-06-15,2016,minutes,growth,34,0.004007543611504008
2016-06-15,2016,minutes,recession,2,0.00023573785950023574
2016-07-27,2016,minutes,inflation,75,0.0071646923958731375
2016-07-27,2016,minutes,employment,23,0.002197172334734429
2016-07-27,2016,minutes,unemployment,12,0.0011463507833397019
2016-07-27,2016,minutes,labor market,39,0.003725640045854031
2016-07-27,2016,minutes,risks,21,0.0020061138708444785
2016-07-27,2016,minutes,uncertainty,14,0.0013374092472296522
2016-07-27,2016,minutes,financial conditions,9,0.0008597630875047765
2016-07-27,2016,minutes,growth,32,0.003056935422239205
2016-07-27,2016,minutes,recession,1,9.552923194497516e-05
2016-09-21,2016,minutes,inflation,72,0.006614607257694074
2016-09-21,2016,minutes,employment,17,0.0015617822691777676
2016-09-21,2016,minutes,unemployment,28,0.002572347266881029
2016-09-21,2016,minutes,labor market,24,0.0022048690858980247
2016-09-21,2016,minutes,risks,16,0.0014699127239320166
2016-09-21,2016,minutes,uncertainty,4,0.00036747818098300416
2016-09-21,2016,minutes,financial conditions,7,0.0006430868167202572
2016-09-21,2016,minutes,growth,35,0.003215434083601286
2016-09-21,2016,minutes,recession,2,0.00018373909049150208
2016-11-02,2016,minutes,inflation,80,0.008515167642362959
2016-11-02,2016,minutes,employment,16,0.0017030335284725917
2016-11-02,2016,minutes,unemployment,14,0.0014901543374135177
2016-11-02,2016,minutes,labor market,24,0.0025545502927088876
2016-11-02,2016,minutes,risks,17,0.0018094731240021287
2016-11-02,2016,minutes,uncertainty,5,0.0005321979776476849
2016-11-02,2016,minutes,financial conditions,3,0.00031931878658861094
2016-11-02,2016,minutes,growth,32,0.0034060670569451834
2016-11-02,2016,minutes,recession,2,0.00021287919105907396
2016-12-14,2016,minutes,inflation,84,0.00985799788757188
2016-12-14,2016,minutes,employment,14,0.001642999647928647
2016-12-14,2016,minutes,unemployment,23,0.0026992137073113486
2016-12-14,2016,minutes,labor market,27,0.0031686421781481045
2016-12-14,2016,minutes,risks,19,0.0022297852364745923
2016-12-14,2016,minutes,uncertainty,12,0.0014082854125102688
2016-12-14,2016,minutes,financial conditions,4,0.0004694284708367562
2016-12-14,2016,minutes,growth,22,0.002581856589602159
2016-12-14,2016,minutes,recession,1,0.00011735711770918906
2017-02-01,2017,minutes,inflation,84,0.006695894778796333
2017-02-01,2017,minutes,employment,21,0.0016739736946990832
2017-02-01,2017,minutes,unemployment,19,0.0015145476285372658
2017-02-01,2017,minutes,labor market,20,0.0015942606616181746
2017-02-01,2017,minutes,risks,27,0.002152251893184536
2017-02-01,2017,minutes,uncertainty,13,0.0010362694300518134
2017-02-01,2017,minutes,financial conditions,5,0.00039856516540454366
2017-02-01,2017,minutes,growth,19,0.0015145476285372658
2017-02-01,2017,minutes,recession,1,7.971303308090873e-05
2017-03-15,2017,minutes,inflation,93,0.010182853388809811
2017-03-15,2017,minutes,employment,10,0.0010949304719150333
2017-03-15,2017,minutes,unemployment,17,0.0018613818022555568
2017-03-15,2017,minutes,labor market,24,0.00262783313259608
2017-03-15,2017,minutes,risks,22,0.0024088470382130733
2017-03-15,2017,minutes,uncertainty,7,0.0007664513303405234
2017-03-15,2017,minutes,financial conditions,8,0.0008759443775320267
2017-03-15,2017,minutes,growth,21,0.00229935399102157
2017-03-15,2017,minutes,recession,2,0.00021898609438300668
2017-05-03,2017,minutes,inflation,81,0.009323204419889503
2017-05-03,2017,minutes,employment,9,0.0010359116022099447
2017-05-03,2017,minutes,unemployment,19,0.002186924493554328
2017-05-03,2017,minutes,labor market,19,0.002186924493554328
2017-05-03,2017,minutes,risks,21,0.0024171270718232043
2017-05-03,2017,minutes,uncertainty,8,0.0009208103130755065
2017-05-03,2017,minutes,financial conditions,4,0.00046040515653775324
2017-05-03,2017,minutes,growth,36,0.004143646408839779
2017-05-03,2017,minutes,recession,1,0.00011510128913443831
2017-06-14,2017,minutes,inflation,97,0.010861045795543612
2017-06-14,2017,minutes,employment,6,0.0006718172657037286
2017-06-14,2017,minutes,unemployment,21,0.0023513604299630502
2017-06-14,2017,minutes,labor market,24,0.0026872690628149142
2017-06-14,2017,minutes,risks,13,0.001455604075691412
2017-06-14,2017,minutes,uncertainty,8,0.0008957563542716381
2017-06-14,2017,minutes,financial conditions,4,0.00044787817713581906
2017-06-14,2017,minutes,growth,29,0.003247116784234688
2017-06-14,2017,minutes,recession,0,0.0
2017-07-26,2017,minutes,inflation,89,0.011632466344268722
2017-07-26,2017,minutes,employment,14,0.0018298261665141812
2017-07-26,2017,minutes,unemployment,15,0.0019605280355509086
2017-07-26,2017,minutes,labor market,22,0.002875441118807999
2017-07-26,2017,minutes,risks,13,0.001699124297477454
2017-07-26,2017,minutes,uncertainty,6,0.0007842112142203634
2017-07-26,2017,minutes,financial conditions,6,0.0007842112142203634
2017-07-26,2017,minutes,growth,25,0.0032675467259181807
2017-07-26,2017,minutes,recession,0,0.0
2017-09-20,2017,minutes,inflation,89,0.010056497175141243
2017-09-20,2017,minutes,employment,14,0.0015819209039548022
2017-09-20,2017,minutes,unemployment,17,0.0019209039548022599
2017-09-20,2017,minutes,labor market,24,0.002711864406779661
2017-09-20,2017,minutes,risks,12,0.0013559322033898306
2017-09-20,2017,minutes,uncertainty,5,0.0005649717514124294
2017-09-20,2017,minutes,financial conditions,4,0.0004519774011299435
2017-09-20,2017,minutes,growth,25,0.002824858757062147
2017-09-20,2017,minutes,recession,2,0.00022598870056497175
2017-11-01,2017,minutes,inflation,113,0.014641098730240994
2017-11-01,2017,minutes,employment,18,0.00233221041720653
2017-11-01,2017,minutes,unemployment,12,0.0015548069448043534
2017-11-01,2017,minutes,labor market,28,0.003627882871210158
2017-11-01,2017,minutes,risks,10,0.001295672454003628
2017-11-01,2017,minutes,uncertainty,4,0.0005182689816014512
2017-11-01,2017,minutes,financial conditions,2,0.0002591344908007256
2017-11-01,2017,minutes,growth,20,0.002591344908007256
2017-11-01,2017,minutes,recession,2,0.0002591344908007256
2017-12-13,2017,minutes,inflation,107,0.014132875445779949
2017-12-13,2017,minutes,employment,9,0.0011887465328226125
2017-12-13,2017,minutes,unemployment,14,0.0018491612732796196
2017-12-13,2017,minutes,labor market,26,0.0034341566503764366
2017-12-13,2017,minutes,risks,14,0.0018491612732796196
2017-12-13,2017,minutes,uncertainty,4,0.0005283317923656056
2017-12-13,2017,minutes,financial conditions,4,0.0005283317923656056
2017-12-13,2017,minutes,growth,21,0.0027737419099194294
2017-12-13,2017,minutes,recession,1,0.0001320829480914014
2018-01-31,2018,minutes,inflation,150,0.012158547458863581
2018-01-31,2018,minutes,employment,23,0.0018643106103590824
2018-01-31,2018,minutes,unemployment,17,0.0013779687120045391
2018-01-31,2018,minutes,labor market,28,0.002269595525654535
2018-01-31,2018,minutes,risks,18,0.0014590256950636298
2018-01-31,2018,minutes,uncertainty,5,0.0004052849152954527
2018-01-31,2018,minutes,financial conditions,6,0.00048634189835454326
2018-01-31,2018,minutes,growth,33,0.002674880440949988
2018-01-31,2018,minutes,recession,5,0.0004052849152954527
2018-03-21,2018,minutes,inflation,77,0.010277629471436199
2018-03-21,2018,minutes,employment,6,0.000800854244527496
2018-03-21,2018,minutes,unemployment,17,0.0022690870261612385
2018-03-21,2018,minutes,labor market,21,0.002802989855846236
2018-03-21,2018,minutes,risks,11,0.0014682327816337426
2018-03-21,2018,minutes,uncertainty,3,0.000400427122263748
2018-03-21,2018,minutes,financial conditions,4,0.0005339028296849973
2018-03-21,2018,minutes,growth,18,0.002402562733582488
2018-03-21,2018,minutes,recession,1,0.00013347570742124932
2018-05-02,2018,minutes,inflation,86,0.010514732852426947
2018-05-02,2018,minutes,employment,10,0.001222643354933366
2018-05-02,2018,minutes,unemployment,14,0.0017117006969067123
2018-05-02,2018,minutes,labor market,24,0.0029343440518400784
2018-05-02,2018,minutes,risks,9,0.0011003790194400293
2018-05-02,2018,minutes,uncertainty,5,0.000611321677466683
2018-05-02,2018,minutes,financial conditions,4,0.0004890573419733463
2018-05-02,2018,minutes,growth,27,0.003301137058320088
2018-05-02,2018,minutes,recession,2,0.00024452867098667317
2018-06-13,2018,minutes,inflation,69,0.009387755102040816
2018-06-13,2018,minutes,employment,9,0.0012244897959183673
2018-06-13,2018,minutes,unemployment,15,0.0020408163265306124
2018-06-13,2018,minutes,labor market,21,0.002857142857142857
2018-06-13,2018,minutes,risks,11,0.0014965986394557824
2018-06-13,2018,minutes,uncertainty,5,0.0006802721088435374
2018-06-13,2018,minutes,financial conditions,2,0.00027210884353741496
2018-06-13,2018,minutes,growth,29,0.003945578231292517
2018-06-13,2018,minutes,recession,3,0.00040816326530612246
2018-08-01,2018,minutes,inflation,64,0.007542722451384797
2018-08-01,2018,minutes,employment,9,0.001060695344725987
2018-08-01,2018,minutes,unemployment,13,0.0015321154979375368
2018-08-01,2018,minutes,labor market,23,0.0027106658809664115
2018-08-01,2018,minutes,risks,12,0.0014142604596346494
2018-08-01,2018,minutes,uncertainty,7,0.0008249852681202121
2018-08-01,2018,minutes,financial conditions,3,0.00035356511490866236
2018-08-01,2018,minutes,growth,28,0.0032999410724808484
2018-08-01,2018,minutes,recession,1,0.00011785503830288745
2018-09-26,2018,minutes,inflation,60,0.008184422316191516
2018-09-26,2018,minutes,employment,10,0.0013640703860319193
2018-09-26,2018,minutes,unemployment,13,0.001773291501841495
2018-09-26,2018,minutes,labor market,15,0.002046105579047879
2018-09-26,2018,minutes,risks,12,0.001636884463238303
2018-09-26,2018,minutes,uncertainty,6,0.0008184422316191515
2018-09-26,2018,minutes,financial conditions,4,0.0005456281544127677
2018-09-26,2018,minutes,growth,35,0.004774246351111717
2018-09-26,2018,minutes,recession,1,0.00013640703860319192
2018-11-08,2018,minutes,inflation,48,0.005666391217093614
2018-11-08,2018,minutes,employment,11,0.0012985479872506197
2018-11-08,2018,minutes,unemployment,12,0.0014165978042734034
2018-11-08,2018,minutes,labor market,19,0.0022429465234328886
2018-11-08,2018,minutes,risks,17,0.0020068468893873217
2018-11-08,2018,minutes,uncertainty,7,0.0008263487191594853
2018-11-08,2018,minutes,financial conditions,5,0.000590249085113918
2018-11-08,2018,minutes,growth,34,0.004013693778774643
2018-11-08,2018,minutes,recession,0,0.0
2018-12-19,2018,minutes,inflation,60,0.006966213862765587
2018-12-19,2018,minutes,employment,6,0.0006966213862765587
2018-12-19,2018,minutes,unemployment,12,0.0013932427725531174
2018-12-19,2018,minutes,labor market,19,0.0022059677232091025
2018-12-19,2018,minutes,risks,20,0.002322071287588529
2018-12-19,2018,minutes,uncertainty,7,0.0008127249506559852
2018-12-19,2018,minutes,financial conditions,9,0.0010449320794148381
2018-12-19,2018,minutes,growth,47,0.005456867525833043
2018-12-19,2018,minutes,recession,0,0.0
2019-01-30,2019,minutes,inflation,84,0.005895978100652769
2019-01-30,2019,minutes,employment,18,0.0012634238787113076
2019-01-30,2019,minutes,unemployment,15,0.0010528532322594231
2019-01-30,2019,minutes,labor market,19,0.001333614094195269
2019-01-30,2019,minutes,risks,21,0.0014739945251631922
2019-01-30,2019,minutes,uncertainty,9,0.0006317119393556538
2019-01-30,2019,minutes,financial conditions,9,0.0006317119393556538
2019-01-30,2019,minutes,growth,47,0.0032989401277461923
2019-01-30,2019,minutes,recession,0,0.0
2019-03-20,2019,minutes,inflation,71,0.007252298263534219
2019-03-20,2019,minutes,employment,13,0.001327885597548519
2019-03-20,2019,minutes,unemployment,17,0.0017364657814096017
2019-03-20,2019,minutes,labor market,20,0.0020429009193054137
2019-03-20,2019,minutes,risks,11,0.0011235955056179776
2019-03-20,2019,minutes,uncertainty,7,0.0007150153217568948
2019-03-20,2019,minutes,financial conditions,5,0.0005107252298263534
2019-03-20,2019,minutes,growth,56,0.005720122574055159
2019-03-20,2019,minutes,recession,0,0.0
2019-05-01,2019,minutes,inflation,76,0.007950622450047075
2019-05-01,2019,minutes,employment,11,0.0011507479861910242
2019-05-01,2019,minutes,unemployment,14,0.0014645883460613035
2019-05-01,2019,minutes,labor market,17,0.0017784287059315828
2019-05-01,2019,minutes,risks,19,0.001987655612511769
2019-05-01,2019,minutes,uncertainty,4,0.0004184538131603724
2019-05-01,2019,minutes,financial conditions,12,0.0012553614394811173
2019-05-01,2019,minutes,growth,46,0.0048122188513442824
2019-05-01,2019,minutes,recession,0,0.0
2019-06-19,2019,minutes,inflation,92,0.01086443079829948
2019-06-19,2019,minutes,employment,9,0.0010628247520075578
2019-06-19,2019,minutes,unemployment,14,0.0016532829475673122
2019-06-19,2019,minutes,labor market,16,0.001889466225791214
2019-06-19,2019,minutes,risks,19,0.0022437411431270667
2019-06-19,2019,minutes,uncertainty,8,0.000944733112895607
2019-06-19,2019,minutes,financial conditions,1,0.00011809163911195088
2019-06-19,2019,minutes,growth,36,0.004251299008030231
2019-06-19,2019,minutes,recession,0,0.0
2019-07-31,2019,minutes,inflation,117,0.010734929810074319
2019-07-31,2019,minutes,employment,11,0.0010092669052206625
2019-07-31,2019,minutes,unemployment,19,0.0017432791999265989
2019-07-31,2019,minutes,labor market,17,0.0015597761262501147
2019-07-31,2019,minutes,risks,29,0.0026607945683090194
2019-07-31,2019,minutes,uncertainty,14,0.0012845215157353885
2019-07-31,2019,minutes,financial conditions,7,0.0006422607578676942
2019-07-31,2019,minutes,growth,41,0.0037618130103679237
2019-07-31,2019,minutes,recession,2,0.00018350307367648408
2019-09-18,2019,minutes,inflation,123,0.011335360796239978
2019-09-18,2019,minutes,employment,15,0.0013823610727121925
2019-09-18,2019,minutes,unemployment,15,0.0013823610727121925
2019-09-18,2019,minutes,labor market,16,0.001474518477559672
2019-09-18,2019,minutes,risks,19,0.0017509906921021104
2019-09-18,2019,minutes,uncertainty,16,0.001474518477559672
2019-09-18,2019,minutes,financial conditions,2,0.000184314809694959
2019-09-18,2019,minutes,growth,41,0.0037784535987466592
2019-09-18,2019,minutes,recession,2,0.000184314809694959
2019-10-30,2019,minutes,inflation,77,0.006041110936764475
2019-10-30,2019,minutes,employment,9,0.0007061038757257179
2019-10-30,2019,minutes,unemployment,12,0.0009414718343009571
2019-10-30,2019,minutes,labor market,16,0.001255295779067943
2019-10-30,2019,minutes,risks,24,0.0018829436686019143
2019-10-30,2019,minutes,uncertainty,7,0.000549191903342225
2019-10-30,2019,minutes,financial conditions,5,0.00039227993095873213
2019-10-30,2019,minutes,growth,34,0.0026675035305193787
2019-10-30,2019,minutes,recession,3,0.00023536795857523928
2019-12-11,2019,minutes,inflation,82,0.009500637237863515
2019-12-11,2019,minutes,employment,16,0.001853782875680686
2019-12-11,2019,minutes,unemployment,16,0.001853782875680686
2019-12-11,2019,minutes,labor market,22,0.002548951454060943
2019-12-11,2019,minutes,risks,9,0.0010427528675703858
2019-12-11,2019,minutes,uncertainty,5,0.0005793071486502144
2019-12-11,2019,minutes,financial conditions,2,0.00023172285946008574
2019-12-11,2019,minutes,growth,23,0.002664812883790986
2019-12-11,2019,minutes,recession,3,0.0003475842891901286
2020-01-29,2020,minutes,inflation,98,0.007405728103982468
2020-01-29,2020,minutes,employment,17,0.0012846671200785914
2020-01-29,2020,minutes,unemployment,14,0.0010579611577117812
2020-01-29,2020,minutes,labor market,15,0.0011335298118340512
2020-01-29,2020,minutes,risks,29,0.0021914909695458324
2020-01-29,2020,minutes,uncertainty,7,0.0005289805788558906
2020-01-29,2020,minutes,financial conditions,5,0.00037784327061135043
2020-01-29,2020,minutes,growth,33,0.0024937655860349127
2020-01-29,2020,minutes,recession,2,0.00015113730824454016
2020-04-29,2020,minutes,inflation,35,0.003668763102725367
2020-04-29,2020,minutes,employment,17,0.0017819706498951782
2020-04-29,2020,minutes,unemployment,10,0.0010482180293501049
2020-04-29,2020,minutes,labor market,4,0.0004192872117400419
2020-04-29,2020,minutes,risks,13,0.0013626834381551363
2020-04-29,2020,minutes,uncertainty,7,0.0007337526205450734
2020-04-29,2020,minutes,financial conditions,9,0.0009433962264150943
2020-04-29,2020,minutes,growth,3,0.00031446540880503143
2020-04-29,2020,minutes,recession,0,0.0
2020-06-10,2020,minutes,inflation,48,0.004677450789319821
2020-06-10,2020,minutes,employment,25,0.0024361722861040735
2020-06-10,2020,minutes,unemployment,19,0.0018514909374390957
2020-06-10,2020,minutes,labor market,9,0.0008770220229974664
2020-06-10,2020,minutes,risks,15,0.001461703371662444
2020-06-10,2020,minutes,uncertainty,6,0.0005846813486649776
2020-06-10,2020,minutes,financial conditions,11,0.0010719158058857922
2020-06-10,2020,minutes,growth,2,0.00019489378288832586
2020-06-10,2020,minutes,recession,3,0.0002923406743324888
2020-07-29,2020,minutes,inflation,35,0.0038130515306678287
2020-07-29,2020,minutes,employment,22,0.0023967752478483493
2020-07-29,2020,minutes,unemployment,10,0.0010894432944765224
2020-07-29,2020,minutes,labor market,9,0.0009804989650288702
2020-07-29,2020,minutes,risks,8,0.000871554635581218
2020-07-29,2020,minutes,uncertainty,8,0.000871554635581218
2020-07-29,2020,minutes,financial conditions,9,0.0009804989650288702
2020-07-29,2020,minutes,growth,5,0.0005447216472382612
2020-07-29,2020,minutes,recession,0,0.0
2020-09-16,2020,minutes,inflation,67,0.00656798353102637
2020-09-16,2020,minutes,employment,30,0.0029408881482207625
2020-09-16,2020,minutes,unemployment,8,0.0007842368395255367
2020-09-16,2020,minutes,labor market,9,0.0008822664444662288
2020-09-16,2020,minutes,risks,13,0.0012743848642289971
2020-09-16,2020,minutes,uncertainty,6,0.0005881776296441525
2020-09-16,2020,minutes,financial conditions,11,0.001078325654347613
2020-09-16,2020,minutes,growth,9,0.0008822664444662288
2020-09-16,2020,minutes,recession,0,0.0
2020-11-05,2020,minutes,inflation,48,0.00499271895152902
2020-11-05,2020,minutes,employment,27,0.002808404410235074
2020-11-05,2020,minutes,unemployment,9,0.0009361348034116913
2020-11-05,2020,minutes,labor market,7,0.0007281048470979821
2020-11-05,2020,minutes,risks,14,0.0014562096941959641
2020-11-05,2020,minutes,uncertainty,16,0.0016642396505096733
2020-11-05,2020,minutes,financial conditions,13,0.0013521947160391097
2020-11-05,2020,minutes,growth,10,0.001040149781568546
2020-11-05,2020,minutes,recession,0,0.0
2020-12-16,2020,minutes,inflation,51,0.006077940650697175
2020-12-16,2020,minutes,employment,31,0.0036944345131688715
2020-12-16,2020,minutes,unemployment,11,0.0013109283756405673
2020-12-16,2020,minutes,labor market,11,0.0013109283756405673
2020-12-16,2020,minutes,risks,19,0.002264330830651889
2020-12-16,2020,minutes,uncertainty,7,0.0008342271481349065
2020-12-16,2020,minutes,financial conditions,7,0.0008342271481349065
2020-12-16,2020,minutes,growth,12,0.0014301036825169824
2020-12-16,2020,minutes,recession,0,0.0
2021-01-27,2021,minutes,inflation,67,0.005260265368611133
2021-01-27,2021,minutes,employment,47,0.0036900369003690036
2021-01-27,2021,minutes,unemployment,9,0.0007066028107089582
2021-01-27,2021,minutes,labor market,10,0.0007851142341210646
2021-01-27,2021,minutes,risks,18,0.0014132056214179163
2021-01-27,2021,minutes,uncertainty,3,0.00023553427023631938
2021-01-27,2021,minutes,financial conditions,9,0.0007066028107089582
2021-01-27,2021,minutes,growth,14,0.0010991599277694905
2021-01-27,2021,minutes,recession,0,0.0
2021-03-17,2021,minutes,inflation,62,0.006986702727067838
2021-03-17,2021,minutes,employment,35,0.003944106378183457
2021-03-17,2021,minutes,unemployment,8,0.000901510029299076
2021-03-17,2021,minutes,labor market,10,0.001126887536623845
2021-03-17,2021,minutes,risks,16,0.001803020058598152
2021-03-17,2021,minutes,uncertainty,3,0.0003380662609871535
2021-03-17,2021,minutes,financial conditions,10,0.001126887536623845
2021-03-17,2021,minutes,growth,10,0.001126887536623845
2021-03-17,2021,minutes,recession,0,0.0
2021-04-28,2021,minutes,inflation,53,0.00595706417893672
2021-04-28,2021,minutes,employment,25,0.002809935933460717
2021-04-28,2021,minutes,unemployment,8,0.0008991794987074295
2021-04-28,2021,minutes,labor market,10,0.0011239743733842868
2021-04-28,2021,minutes,risks,22,0.002472743621445431
2021-04-28,2021,minutes,uncertainty,3,0.00033719231201528605
2021-04-28,2021,minutes,financial conditions,9,0.0010115769360458582
2021-04-28,2021,minutes,growth,9,0.0010115769360458582
2021-04-28,2021,minutes,recession,0,0.0
2021-06-16,2021,minutes,inflation,80,0.008252527336496802
2021-06-16,2021,minutes,employment,22,0.0022694450175366207
2021-06-16,2021,minutes,unemployment,9,0.0009284093253558903
2021-06-16,2021,minutes,labor market,11,0.0011347225087683104
2021-06-16,2021,minutes,risks,15,0.0015473488755931503
2021-06-16,2021,minutes,uncertainty,7,0.0007220961419434702
2021-06-16,2021,minutes,financial conditions,12,0.0012378791004745203
2021-06-16,2021,minutes,growth,20,0.0020631318341242004
2021-06-16,2021,minutes,recession,0,0.0
2021-07-28,2021,minutes,inflation,80,0.007494145199063232
2021-07-28,2021,minutes,employment,34,0.0031850117096018735
2021-07-28,2021,minutes,unemployment,7,0.0006557377049180328
2021-07-28,2021,minutes,labor market,18,0.0016861826697892272
2021-07-28,2021,minutes,risks,25,0.00234192037470726
2021-07-28,2021,minutes,uncertainty,9,0.0008430913348946136
2021-07-28,2021,minutes,financial conditions,14,0.0013114754098360656
2021-07-28,2021,minutes,growth,16,0.0014988290398126464
2021-07-28,2021,minutes,recession,0,0.0
2021-09-22,2021,minutes,inflation,79,0.0088268156424581
2021-09-22,2021,minutes,employment,29,0.0032402234636871507
2021-09-22,2021,minutes,unemployment,11,0.001229050279329609
2021-09-22,2021,minutes,labor market,14,0.0015642458100558658
2021-09-22,2021,minutes,risks,20,0.0022346368715083797
2021-09-22,2021,minutes,uncertainty,3,0.000335195530726257
2021-09-22,2021,minutes,financial conditions,8,0.000893854748603352
2021-09-22,2021,minutes,growth,19,0.002122905027932961
2021-09-22,2021,minutes,recession,0,0.0
2021-11-03,2021,minutes,inflation,79,0.00933916538597943
2021-11-03,2021,minutes,employment,22,0.002600780234070221
2021-11-03,2021,minutes,unemployment,6,0.0007093037002009694
2021-11-03,2021,minutes,labor market,14,0.0016550419671355952
2021-11-03,2021,minutes,risks,23,0.0027189975174370493
2021-11-03,2021,minutes,uncertainty,5,0.0005910864168341412
2021-11-03,2021,minutes,financial conditions,8,0.0009457382669346259
2021-11-03,2021,minutes,growth,25,0.0029554320841707056
2021-11-03,2021,minutes,recession,0,0.0
2021-12-15,2021,minutes,inflation,72,0.007547169811320755
2021-12-15,2021,minutes,employment,30,0.0031446540880503146
2021-12-15,2021,minutes,unemployment,10,0.0010482180293501049
2021-12-15,2021,minutes,labor market,22,0.002306079664570231
2021-12-15,2021,minutes,risks,14,0.0014675052410901468
2021-12-15,2021,minutes,uncertainty,5,0.0005241090146750524
2021-12-15,2021,minutes,financial conditions,8,0.0008385744234800838
2021-12-15,2021,minutes,growth,19,0.001991614255765199
2021-12-15,2021,minutes,recession,0,0.0
2022-01-26,2022,minutes,inflation,68,0.004998529844163481
2022-01-26,2022,minutes,employment,36,0.0026462805057336078
2022-01-26,2022,minutes,unemployment,8,0.0005880623346074683
2022-01-26,2022,minutes,labor market,20,0.001470155836518671
2022-01-26,2022,minutes,risks,22,0.001617171420170538
2022-01-26,2022,minutes,uncertainty,3,0.00022052337547780066
2022-01-26,2022,minutes,financial conditions,12,0.0008820935019112026
2022-01-26,2022,minutes,growth,18,0.0013231402528668039
2022-01-26,2022,minutes,recession,1,7.350779182593354e-05
2022-03-16,2022,minutes,inflation,81,0.009246575342465754
2022-03-16,2022,minutes,employment,11,0.0012557077625570776
2022-03-16,2022,minutes,unemployment,7,0.0007990867579908676
2022-03-16,2022,minutes,labor market,14,0.0015981735159817352
2022-03-16,2022,minutes,risks,17,0.0019406392694063927
2022-03-16,2022,minutes,uncertainty,11,0.0012557077625570776
2022-03-16,2022,minutes,financial conditions,9,0.0010273972602739725
2022-03-16,2022,minutes,growth,16,0.0018264840182648401
2022-03-16,2022,minutes,recession,0,0.0
2022-05-04,2022,minutes,inflation,65,0.008148426726839663
2022-05-04,2022,minutes,employment,8,0.0010028832894571893
2022-05-04,2022,minutes,unemployment,7,0.0008775228782750407
2022-05-04,2022,minutes,labor market,13,0.001629685345367933
2022-05-04,2022,minutes,risks,21,0.0026325686348251222
2022-05-04,2022,minutes,uncertainty,9,0.0011282437006393381
2022-05-04,2022,minutes,financial conditions,5,0.0006268020559107434
2022-05-04,2022,minutes,growth,17,0.0021311269900965274
2022-05-04,2022,minutes,recession,0,0.0
2022-06-15,2022,minutes,inflation,89,0.010953846153846154
2022-06-15,2022,minutes,employment,9,0.0011076923076923078
2022-06-15,2022,minutes,unemployment,10,0.0012307692307692308
2022-06-15,2022,minutes,labor market,12,0.0014769230769230768
2022-06-15,2022,minutes,risks,14,0.001723076923076923
2022-06-15,2022,minutes,uncertainty,7,0.0008615384615384615
2022-06-15,2022,minutes,financial conditions,6,0.0007384615384615384
2022-06-15,2022,minutes,growth,23,0.002830769230769231
2022-06-15,2022,minutes,recession,0,0.0
2022-07-27,2022,minutes,inflation,106,0.01218951241950322
2022-07-27,2022,minutes,employment,12,0.0013799448022079118
2022-07-27,2022,minutes,unemployment,11,0.001264949402023919
2022-07-27,2022,minutes,labor market,17,0.001954921803127875
2022-07-27,2022,minutes,risks,17,0.001954921803127875
2022-07-27,2022,minutes,uncertainty,6,0.0006899724011039559
2022-07-27,2022,minutes,financial conditions,12,0.0013799448022079118
2022-07-27,2022,minutes,growth,32,0.0036798528058877645
2022-07-27,2022,minutes,recession,2,0.00022999080036798528
2022-09-21,2022,minutes,inflation,86,0.01078234704112337
2022-09-21,2022,minutes,employment,9,0.0011283851554663993
2022-09-21,2022,minutes,unemployment,13,0.001629889669007021
2022-09-21,2022,minutes,labor market,17,0.002131394182547643
2022-09-21,2022,minutes,risks,16,0.0020060180541624875
2022-09-21,2022,minutes,uncertainty,5,0.0006268806419257773
2022-09-21,2022,minutes,financial conditions,5,0.0006268806419257773
2022-09-21,2022,minutes,growth,21,0.002632898696088265
2022-09-21,2022,minutes,recession,1,0.00012537612838515547
2022-11-02,2022,minutes,inflation,93,0.011338697878566204
2022-11-02,2022,minutes,employment,9,0.0010972933430870519
2022-11-02,2022,minutes,unemployment,9,0.0010972933430870519
2022-11-02,2022,minutes,labor market,12,0.001463057790782736
2022-11-02,2022,minutes,risks,16,0.001950743721043648
2022-11-02,2022,minutes,uncertainty,6,0.000731528895391368
2022-11-02,2022,minutes,financial conditions,14,0.001706900755913192
2022-11-02,2022,minutes,growth,26,0.0031699585466959277
2022-11-02,2022,minutes,recession,1,0.000121921482565228
2022-12-14,2022,minutes,inflation,100,0.012693577050012693
2022-12-14,2022,minutes,employment,13,0.0016501650165016502
2022-12-14,2022,minutes,unemployment,12,0.0015232292460015233
2022-12-14,2022,minutes,labor market,13,0.0016501650165016502
2022-12-14,2022,minutes,risks,17,0.002157908098502158
2022-12-14,2022,minutes,uncertainty,4,0.0005077430820005078
2022-12-14,2022,minutes,financial conditions,6,0.0007616146230007616
2022-12-14,2022,minutes,growth,28,0.003554201574003554
2022-12-14,2022,minutes,recession,2,0.0002538715410002539
2023-02-01,2023,minutes,inflation,88,0.009943502824858758
2023-02-01,2023,minutes,employment,10,0.0011299435028248588
2023-02-01,2023,minutes,unemployment,13,0.0014689265536723163
2023-02-01,2023,minutes,labor market,12,0.0013559322033898306
2023-02-01,2023,minutes,risks,23,0.002598870056497175
2023-02-01,2023,minutes,uncertainty,7,0.0007909604519774011
2023-02-01,2023,minutes,financial conditions,6,0.0006779661016949153
2023-02-01,2023,minutes,growth,37,0.004180790960451978
2023-02-01,2023,minutes,recession,4,0.0004519774011299435
2023-03-22,2023,minutes,inflation,101,0.013206066945606694
2023-03-22,2023,minutes,employment,6,0.0007845188284518828
2023-03-22,2023,minutes,unemployment,12,0.0015690376569037657
2023-03-22,2023,minutes,labor market,10,0.001307531380753138
2023-03-22,2023,minutes,risks,19,0.0024843096234309623
2023-03-22,2023,minutes,uncertainty,6,0.0007845188284518828
2023-03-22,2023,minutes,financial conditions,8,0.0010460251046025104
2023-03-22,2023,minutes,growth,20,0.002615062761506276
2023-03-22,2023,minutes,recession,1,0.0001307531380753138
2023-05-03,2023,minutes,inflation,88,0.010473696738871698
2023-05-03,2023,minutes,employment,7,0.0008331349678647941
2023-05-03,2023,minutes,unemployment,11,0.0013092120923589622
2023-05-03,2023,minutes,labor market,12,0.0014282313734825041
2023-05-03,2023,minutes,risks,23,0.0027374434658414665
2023-05-03,2023,minutes,uncertainty,8,0.0009521542489883361
2023-05-03,2023,minutes,financial conditions,6,0.0007141156867412521
2023-05-03,2023,minutes,growth,22,0.0026184241847179244
2023-05-03,2023,minutes,recession,2,0.00023803856224708403
2023-06-14,2023,minutes,inflation,92,0.012694908237891541
2023-06-14,2023,minutes,employment,10,0.0013798813302056023
2023-06-14,2023,minutes,unemployment,12,0.0016558575962467227
2023-06-14,2023,minutes,labor market,17,0.002345798261349524
2023-06-14,2023,minutes,risks,18,0.0024837863943700843
2023-06-14,2023,minutes,uncertainty,8,0.0011039050641644817
2023-06-14,2023,minutes,financial conditions,3,0.0004139643990616807
2023-06-14,2023,minutes,growth,21,0.002897750793431765
2023-06-14,2023,minutes,recession,3,0.0004139643990616807
2023-07-26,2023,minutes,inflation,79,0.011131463998872763
2023-07-26,2023,minutes,employment,4,0.0005636184303226716
2023-07-26,2023,minutes,unemployment,11,0.0015499506833873467
2023-07-26,2023,minutes,labor market,15,0.0021135691137100184
2023-07-26,2023,minutes,risks,17,0.0023953783288713543
2023-07-26,2023,minutes,uncertainty,8,0.0011272368606453432
2023-07-26,2023,minutes,financial conditions,5,0.0007045230379033394
2023-07-26,2023,minutes,growth,16,0.0022544737212906864
2023-07-26,2023,minutes,recession,5,0.0007045230379033394
2023-09-20,2023,minutes,inflation,74,0.010906411201179071
2023-09-20,2023,minutes,employment,5,0.0007369196757553427
2023-09-20,2023,minutes,unemployment,9,0.0013264554163596167
2023-09-20,2023,minutes,labor market,12,0.0017686072218128224
2023-09-20,2023,minutes,risks,18,0.0026529108327192335
2023-09-20,2023,minutes,uncertainty,4,0.0005895357406042742
2023-09-20,2023,minutes,financial conditions,5,0.0007369196757553427
2023-09-20,2023,minutes,growth,19,0.002800294767870302
2023-09-20,2023,minutes,recession,0,0.0
2023-11-01,2023,minutes,inflation,72,0.010149422046800112
2023-11-01,2023,minutes,employment,5,0.00070482097547223
2023-11-01,2023,minutes,unemployment,7,0.0009867493656611221
2023-11-01,2023,minutes,labor market,14,0.0019734987313222443
2023-11-01,2023,minutes,risks,19,0.0026783197067944743
2023-11-01,2023,minutes,uncertainty,6,0.0008457851705666761
2023-11-01,2023,minutes,financial conditions,8,0.001127713560755568
2023-11-01,2023,minutes,growth,11,0.0015506061460389062
2023-11-01,2023,minutes,recession,0,0.0
2023-12-13,2023,minutes,inflation,87,0.012345679012345678
2023-12-13,2023,minutes,employment,5,0.0007095217823187171
2023-12-13,2023,minutes,unemployment,10,0.0014190435646374343
2023-12-13,2023,minutes,labor market,13,0.0018447566340286648
2023-12-13,2023,minutes,risks,18,0.002554278416347382
2023-12-13,2023,minutes,uncertainty,5,0.0007095217823187171
2023-12-13,2023,minutes,financial conditions,5,0.0007095217823187171
2023-12-13,2023,minutes,growth,35,0.00496665247623102
2023-12-13,2023,minutes,recession,0,0.0
2024-01-31,2024,minutes,inflation,82,0.010621761658031088
2024-01-31,2024,minutes,employment,13,0.001683937823834197
2024-01-31,2024,minutes,unemployment,9,0.00116580310880829
2024-01-31,2024,minutes,labor market,9,0.00116580310880829
2024-01-31,2024,minutes,risks,31,0.004015544041450777
2024-01-31,2024,minutes,uncertainty,7,0.0009067357512953368
2024-01-31,2024,minutes,financial conditions,6,0.0007772020725388601
2024-01-31,2024,minutes,growth,22,0.002849740932642487
2024-01-31,2024,minutes,recession,0,0.0
2024-03-20,2024,minutes,inflation,63,0.00843260607683041
2024-03-20,2024,minutes,employment,10,0.0013385089010841923
2024-03-20,2024,minutes,unemployment,9,0.001204658010975773
2024-03-20,2024,minutes,labor market,12,0.0016062106813010306
2024-03-20,2024,minutes,risks,19,0.0025431669120599652
2024-03-20,2024,minutes,uncertainty,12,0.0016062106813010306
2024-03-20,2024,minutes,financial conditions,3,0.00040155267032525766
2024-03-20,2024,minutes,growth,22,0.0029447195823852227
2024-03-20,2024,minutes,recession,0,0.0
2024-05-01,2024,minutes,inflation,68,0.009285811825754471
2024-05-01,2024,minutes,employment,12,0.0016386726751331422
2024-05-01,2024,minutes,unemployment,8,0.0010924484500887614
2024-05-01,2024,minutes,labor market,7,0.0009558923938276663
2024-05-01,2024,minutes,risks,24,0.0032773453502662844
2024-05-01,2024,minutes,uncertainty,7,0.0009558923938276663
2024-05-01,2024,minutes,financial conditions,5,0.0006827802813054759
2024-05-01,2024,minutes,growth,32,0.0043697938003550455
2024-05-01,2024,minutes,recession,0,0.0
2024-06-12,2024,minutes,inflation,70,0.010384215991692628
2024-06-12,2024,minutes,employment,14,0.0020768431983385254
2024-06-12,2024,minutes,unemployment,11,0.001631805370123127
2024-06-12,2024,minutes,labor market,20,0.002966918854769322
2024-06-12,2024,minutes,risks,24,0.0035603026257231864
2024-06-12,2024,minutes,uncertainty,7,0.0010384215991692627
2024-06-12,2024,minutes,financial conditions,5,0.0007417297136923305
2024-06-12,2024,minutes,growth,16,0.0023735350838154576
2024-06-12,2024,minutes,recession,1,0.0001483459427384661
2024-07-31,2024,minutes,inflation,59,0.008561892323320273
2024-07-31,2024,minutes,employment,13,0.0018865186475112464
2024-07-31,2024,minutes,unemployment,13,0.0018865186475112464
2024-07-31,2024,minutes,labor market,22,0.0031925700188651864
2024-07-31,2024,minutes,risks,27,0.00391815411406182
2024-07-31,2024,minutes,uncertainty,1,0.00014511681903932666
2024-07-31,2024,minutes,financial conditions,4,0.0005804672761573066
2024-07-31,2024,minutes,growth,22,0.0031925700188651864
2024-07-31,2024,minutes,recession,0,0.0
2024-09-18,2024,minutes,inflation,70,0.010193679918450561
2024-09-18,2024,minutes,employment,18,0.002621231979030144
2024-09-18,2024,minutes,unemployment,18,0.002621231979030144
2024-09-18,2024,minutes,labor market,22,0.003203727974370176
2024-09-18,2024,minutes,risks,31,0.004514343963885248
2024-09-18,2024,minutes,uncertainty,2,0.000291247997670016
2024-09-18,2024,minutes,financial conditions,1,0.000145623998835008
2024-09-18,2024,minutes,growth,22,0.003203727974370176
2024-09-18,2024,minutes,recession,0,0.0
2024-11-07,2024,minutes,inflation,54,0.007219251336898396
2024-11-07,2024,minutes,employment,16,0.0021390374331550803
2024-11-07,2024,minutes,unemployment,8,0.0010695187165775401
2024-11-07,2024,minutes,labor market,26,0.0034759358288770055
2024-11-07,2024,minutes,risks,34,0.004545454545454545
2024-11-07,2024,minutes,uncertainty,5,0.0006684491978609625
2024-11-07,2024,minutes,financial conditions,1,0.00013368983957219252
2024-11-07,2024,minutes,growth,16,0.0021390374331550803
2024-11-07,2024,minutes,recession,0,0.0
2024-12-18,2024,minutes,inflation,63,0.008961593172119487
2024-12-18,2024,minutes,employment,13,0.001849217638691323
2024-12-18,2024,minutes,unemployment,11,0.0015647226173541964
2024-12-18,2024,minutes,labor market,27,0.003840682788051209
2024-12-18,2024,minutes,risks,24,0.0034139402560455193
2024-12-18,2024,minutes,uncertainty,9,0.0012802275960170698
2024-12-18,2024,minutes,financial conditions,3,0.0004267425320056899
2024-12-18,2024,minutes,growth,17,0.0024182076813655763
2024-12-18,2024,minutes,recession,0,0.0
